idx,miou,dice,pixel_acc
0,0.4199,0.5514,0.7682
1,0.8261,0.898,0.9488
2,0.7628,0.8556,0.9147
3,0.409,0.557,0.6936
4,0.8405,0.9062,0.9489
5,0.5474,0.69,0.7889
6,0.8346,0.9042,0.957
7,0.8672,0.9241,0.9578
8,0.7317,0.8327,0.9045
9,0.7551,0.8492,0.894
10,0.6617,0.7716,0.8744
11,0.7914,0.874,0.9259
12,0.5813,0.728,0.7749
13,0.8302,0.9,0.9399
14,0.6525,0.7652,0.8535
15,0.4763,0.6076,0.7724
16,0.6954,0.7982,0.8677
17,0.8679,0.9237,0.967
18,0.7862,0.8726,0.9118
19,0.7172,0.8212,0.868
20,0.3996,0.5429,0.6901
21,0.6346,0.7621,0.8743
22,0.7532,0.8458,0.9006
23,0.8787,0.9312,0.9641
24,0.7917,0.8715,0.9446
25,0.8604,0.9187,0.9659
26,0.6178,0.7561,0.8221
27,0.823,0.8952,0.9477
28,0.8311,0.8997,0.9434
29,0.8393,0.9067,0.9678
30,0.789,0.8705,0.9393
31,0.4476,0.607,0.6757
32,0.8074,0.8853,0.9297
33,0.6981,0.8044,0.9283
34,0.8486,0.9142,0.9593
35,0.7871,0.8686,0.9554
36,0.7359,0.8367,0.919
37,0.8287,0.9,0.9639
38,0.8431,0.9066,0.9567
39,0.7396,0.8367,0.9416
40,0.8143,0.8913,0.9277
41,0.7926,0.8768,0.9189
42,0.7559,0.8506,0.9321
43,0.4589,0.6091,0.6827
44,0.7921,0.8758,0.913
45,0.7042,0.8116,0.8903
46,0.458,0.6128,0.6838
47,0.3453,0.4982,0.5642
48,0.8134,0.8911,0.939
49,0.579,0.7058,0.7942
50,0.8674,0.9249,0.9603
51,0.8368,0.9054,0.9415
52,0.8564,0.9167,0.9613
53,0.7684,0.8611,0.896
54,0.7515,0.845,0.9071
55,0.8443,0.9091,0.9636
56,0.5725,0.7057,0.7947
57,0.768,0.8548,0.9191
58,0.5452,0.6864,0.7772
59,0.6548,0.7817,0.828
60,0.7714,0.8603,0.939
61,0.8552,0.9177,0.9451
62,0.8338,0.9054,0.937
63,0.6314,0.7626,0.8147
64,0.7271,0.8286,0.8989
65,0.5901,0.7415,0.7458
66,0.344,0.5041,0.5489
67,0.837,0.9067,0.9557
68,0.7603,0.8486,0.9073
69,0.7789,0.8662,0.9377
70,0.6945,0.809,0.859
71,0.7318,0.8284,0.8987
72,0.7952,0.8765,0.9763
73,0.8388,0.9043,0.9549
74,0.7292,0.8295,0.8951
75,0.7838,0.868,0.9269
76,0.7681,0.8561,0.9216
77,0.8535,0.914,0.9608
78,0.6207,0.7634,0.7875
79,0.7575,0.8511,0.929
80,0.8678,0.9261,0.9487
81,0.8306,0.9015,0.9395
82,0.8314,0.902,0.9365
83,0.5501,0.7,0.7422
84,0.8296,0.9017,0.9407
85,0.4699,0.6257,0.6824
86,0.8748,0.9282,0.9672
87,0.7009,0.809,0.8695
88,0.7054,0.8105,0.8773
89,0.743,0.8391,0.8942
90,0.7645,0.856,0.9153
91,0.642,0.767,0.8856
92,0.57,0.7115,0.7708
93,0.8407,0.9073,0.9656
94,0.7798,0.8656,0.9517
95,0.7968,0.8736,0.9375
96,0.7337,0.8322,0.9417
97,0.8683,0.926,0.9567
98,0.702,0.8145,0.8865
99,0.6928,0.798,0.8898
100,0.6845,0.7941,0.8976
101,0.7995,0.8802,0.9472
102,0.6834,0.7983,0.8558
103,0.6868,0.8021,0.8489
104,0.7408,0.8399,0.8918
105,0.7698,0.8573,0.9103
106,0.6745,0.7937,0.8425
107,0.5341,0.6704,0.7592
108,0.7687,0.859,0.9203
109,0.6311,0.7628,0.8156
110,0.6664,0.775,0.8888
111,0.686,0.7912,0.8694
112,0.6974,0.7969,0.897
113,0.7744,0.8566,0.9301
114,0.6767,0.7895,0.8677
115,0.4676,0.621,0.6894
116,0.806,0.8852,0.9193
117,0.5674,0.7111,0.7664
118,0.7133,0.8194,0.8845
119,0.6525,0.7732,0.863
120,0.7999,0.8797,0.9507
121,0.7764,0.8663,0.9054
122,0.4196,0.5688,0.6625
123,0.7763,0.8655,0.8969
124,0.774,0.8663,0.8929
125,0.5784,0.7086,0.79
126,0.6916,0.8034,0.8661
127,0.7219,0.8279,0.8738
128,0.8499,0.9127,0.9521
129,0.6239,0.7478,0.8493
130,0.8063,0.8824,0.938
131,0.7472,0.8446,0.8833
132,0.6345,0.7718,0.8068
133,0.5551,0.6806,0.8967
134,0.7386,0.8396,0.9383
135,0.3831,0.5395,0.6027
136,0.53,0.6654,0.7654
137,0.7102,0.8156,0.9095
138,0.7396,0.8436,0.8831
139,0.6481,0.7737,0.8552
140,0.8061,0.8864,0.9268
141,0.7187,0.8206,0.8904
142,0.6864,0.7934,0.8918
143,0.6747,0.7851,0.8507
144,0.6652,0.786,0.8247
145,0.796,0.8765,0.9462
146,0.7489,0.8478,0.8898
147,0.7555,0.8509,0.8925
148,0.7553,0.8509,0.9012
149,0.758,0.8531,0.9225
150,0.7487,0.8454,0.8853
151,0.7972,0.8727,0.9479
152,0.6785,0.7872,0.8735
153,0.6339,0.7537,0.8427
154,0.7676,0.8605,0.9519
155,0.8205,0.8952,0.9354
156,0.7591,0.8527,0.9297
157,0.5288,0.6539,0.8796
158,0.2943,0.4416,0.5151
159,0.6014,0.7405,0.7993
160,0.7158,0.8198,0.9336
161,0.6903,0.8082,0.8604
162,0.5474,0.6754,0.8775
163,0.7512,0.8473,0.9412
164,0.7796,0.8681,0.9095
165,0.8646,0.9225,0.9697
166,0.5966,0.7294,0.8178
167,0.7534,0.8488,0.9141
168,0.7217,0.8259,0.9196
169,0.7324,0.8364,0.8974
170,0.8286,0.8968,0.9488
171,0.6588,0.7914,0.812
172,0.5128,0.6571,0.7844
173,0.6576,0.788,0.8359
174,0.6629,0.7857,0.8304
175,0.8013,0.8843,0.9292
176,0.7371,0.8362,0.9321
177,0.8087,0.8865,0.9787
178,0.7903,0.8703,0.9346
179,0.7829,0.871,0.92
180,0.7253,0.8319,0.8615
181,0.786,0.869,0.9329
182,0.6223,0.7328,0.8439
183,0.5113,0.6671,0.7219
184,0.6318,0.7623,0.8196
185,0.7691,0.8605,0.9517
186,0.6717,0.7816,0.8555
187,0.6651,0.7916,0.8166
188,0.7361,0.8343,0.9572
189,0.7108,0.8157,0.8862
190,0.8412,0.9083,0.9463
191,0.6748,0.7879,0.8456
192,0.6381,0.7766,0.8018
193,0.6585,0.779,0.8303
194,0.6857,0.8014,0.914
195,0.6752,0.7888,0.8912
196,0.7711,0.862,0.9274
197,0.7083,0.8219,0.8713
198,0.8339,0.9038,0.9363
199,0.6541,0.7746,0.8355
200,0.7796,0.871,0.8956
201,0.7952,0.8763,0.929
202,0.825,0.8974,0.9647
203,0.6915,0.8018,0.8527
204,0.8312,0.9006,0.9446
205,0.8071,0.886,0.9347
206,0.7532,0.8423,0.9088
207,0.7024,0.8154,0.8598
208,0.7789,0.868,0.9308
209,0.7363,0.8369,0.9341
210,0.814,0.8914,0.9265
211,0.7253,0.8247,0.9454
212,0.7729,0.8599,0.9445
213,0.7214,0.8203,0.9315
214,0.6046,0.7375,0.8036
215,0.8662,0.9247,0.9829
216,0.7636,0.8581,0.9338
217,0.7201,0.8318,0.8585
218,0.7991,0.8825,0.962
219,0.6719,0.7864,0.8618
220,0.7084,0.816,0.8716
221,0.7637,0.8557,0.9266
222,0.6455,0.7736,0.8726
223,0.8558,0.9161,0.9632
224,0.8143,0.885,0.9495
225,0.7446,0.8433,0.9299
226,0.7068,0.8141,0.8998
227,0.7614,0.8588,0.8756
228,0.8029,0.8822,0.9459
229,0.8121,0.8899,0.9401
230,0.8127,0.8909,0.9355
231,0.7391,0.836,0.8918
232,0.8108,0.8885,0.9318
233,0.8322,0.9021,0.9374
234,0.7255,0.8267,0.9409
235,0.6964,0.8086,0.8642
236,0.8383,0.9049,0.9478
237,0.7933,0.8777,0.9185
238,0.7652,0.8564,0.957
239,0.7643,0.8551,0.9502
240,0.4972,0.6486,0.6976
241,0.6512,0.7773,0.8212
242,0.7157,0.8233,0.907
243,0.7665,0.8536,0.9124
244,0.7758,0.865,0.9265
245,0.7208,0.8249,0.9365
246,0.8416,0.9083,0.9691
247,0.6605,0.7829,0.8619
248,0.7971,0.8796,0.9528
249,0.6972,0.8039,0.9105
250,0.7891,0.8749,0.9144
251,0.7289,0.8316,0.9597
252,0.7593,0.8523,0.9308
253,0.6327,0.7599,0.8535
254,0.7839,0.871,0.9048
255,0.7085,0.8135,0.956
256,0.6652,0.7798,0.9177
257,0.8719,0.9264,0.9655
258,0.6602,0.773,0.8876
259,0.8231,0.8977,0.9233
260,0.7551,0.8417,0.9274
261,0.7459,0.8419,0.9138
262,0.7623,0.852,0.9542
263,0.7734,0.8601,0.926
264,0.6229,0.7482,0.8459
265,0.586,0.7209,0.8686
266,0.7563,0.8485,0.9495
267,0.7209,0.8314,0.8747
268,0.7845,0.8701,0.945
269,0.5049,0.6286,0.8869
270,0.7614,0.8547,0.9476
271,0.7681,0.8567,0.9343
272,0.7814,0.8712,0.9248
273,0.759,0.8539,0.9286
274,0.3901,0.5444,0.639
275,0.7902,0.8709,0.9233
276,0.8112,0.8894,0.9189
277,0.8634,0.9211,0.9633
278,0.6847,0.7905,0.9025
279,0.5926,0.7302,0.7957
280,0.8522,0.9141,0.9525
281,0.8151,0.8904,0.9321
282,0.8124,0.8914,0.9222
283,0.3662,0.481,0.7278
284,0.6994,0.8082,0.9534
285,0.688,0.7978,0.9554
286,0.713,0.8206,0.8582
287,0.4646,0.625,0.6649
288,0.1246,0.2119,0.2831
289,0.595,0.7264,0.8577
290,0.7398,0.8346,0.9235
291,0.4997,0.6557,0.7334
292,0.6396,0.7669,0.8192
293,0.8141,0.8867,0.968
294,0.7317,0.8319,0.8974
295,0.809,0.8883,0.9433
296,0.6233,0.7423,0.8322
297,0.7829,0.8693,0.9119
298,0.6948,0.7992,0.9039
299,0.6896,0.8057,0.8577
300,0.7783,0.863,0.9457
301,0.6255,0.7552,0.8156
302,0.6601,0.7853,0.8392
303,0.652,0.763,0.9482
304,0.2389,0.3257,0.5917
305,0.6097,0.7426,0.8227
306,0.5819,0.7215,0.7928
307,0.7757,0.8657,0.9117
308,0.8331,0.9028,0.9489
309,0.565,0.706,0.7783
310,0.83,0.8992,0.9573
311,0.8242,0.8944,0.9478
312,0.8028,0.8784,0.9413
313,0.7807,0.8679,0.926
314,0.6114,0.7334,0.8624
315,0.7939,0.8746,0.9395
316,0.8025,0.8795,0.9495
317,0.7831,0.8608,0.9282
318,0.5881,0.7064,0.8771
319,0.6505,0.7638,0.8489
320,0.8571,0.9183,0.9525
321,0.573,0.6927,0.8588
322,0.7539,0.8499,0.8984
323,0.6321,0.7506,0.9196
324,0.7277,0.8281,0.8818
325,0.7674,0.8591,0.9034
326,0.7301,0.8306,0.9731
327,0.889,0.9368,0.9766
328,0.6159,0.7472,0.8187
329,0.8139,0.8903,0.9295
330,0.7138,0.8194,0.8866
331,0.7827,0.8675,0.9316
332,0.6567,0.7719,0.8444
333,0.7306,0.83,0.9065
334,0.6984,0.8121,0.8573
335,0.7855,0.8689,0.9277
336,0.708,0.8136,0.9288
337,0.5849,0.7253,0.7642
338,0.8119,0.8898,0.9486
339,0.7814,0.869,0.9013
340,0.6681,0.7891,0.8451
341,0.7048,0.8103,0.9142
342,0.5199,0.6699,0.7379
343,0.675,0.7844,0.8829
344,0.8129,0.8894,0.9316
345,0.8036,0.8838,0.9361
346,0.8696,0.9253,0.963
347,0.7973,0.8754,0.9587
348,0.8065,0.8849,0.9661
349,0.7287,0.8288,0.9456
350,0.6255,0.7532,0.84
351,0.7005,0.8043,0.9689
352,0.739,0.8317,0.9247
353,0.7611,0.8512,0.9289
354,0.8206,0.8931,0.9628
355,0.7694,0.8555,0.9457
356,0.7646,0.8557,0.9467
357,0.8349,0.9055,0.9589
358,0.7418,0.8418,0.8967
359,0.7695,0.8595,0.9614
360,0.7012,0.8061,0.9549
361,0.6314,0.7503,0.8854
362,0.7557,0.8498,0.9639
363,0.7753,0.8619,0.9327
364,0.7077,0.8166,0.8793
365,0.7448,0.8356,0.9047
366,0.7612,0.8498,0.9283
367,0.5276,0.6806,0.7555
368,0.5607,0.7179,0.7299
369,0.8551,0.9168,0.9634
370,0.8546,0.9179,0.9581
371,0.8339,0.9042,0.9589
372,0.8549,0.9171,0.9684
373,0.743,0.8409,0.8834
374,0.7765,0.8651,0.9433
375,0.7149,0.8244,0.8827
376,0.6617,0.779,0.9288
377,0.6803,0.7996,0.8518
378,0.7162,0.8174,0.8881
379,0.6166,0.7472,0.8608
380,0.8194,0.8945,0.9659
381,0.796,0.8745,0.9452
382,0.7651,0.8585,0.9724
383,0.7575,0.8456,0.9186
384,0.6975,0.8069,0.8868
385,0.7745,0.8603,0.923
386,0.7699,0.8572,0.9237
387,0.7295,0.8302,0.9276
388,0.5343,0.6633,0.8463
389,0.7219,0.8288,0.884
390,0.7911,0.8726,0.9414
391,0.82,0.894,0.9616
392,0.6225,0.7546,0.8088
393,0.741,0.8391,0.8833
394,0.6662,0.7813,0.8623
395,0.5782,0.7314,0.7485
396,0.727,0.8281,0.9282
397,0.8074,0.8848,0.9367
398,0.8087,0.886,0.9359
399,0.7921,0.8741,0.9289
400,0.7253,0.8237,0.9023
401,0.4288,0.5602,0.7358
402,0.5913,0.7188,0.7942
403,0.7158,0.8192,0.9146
404,0.8639,0.9233,0.9586
405,0.6681,0.7828,0.8591
406,0.7463,0.8399,0.9589
407,0.7162,0.8114,0.9672
408,0.7391,0.8251,0.926
409,0.5985,0.7361,0.7906
410,0.6661,0.7833,0.8582
411,0.7537,0.8473,0.9225
412,0.7349,0.8343,0.8898
413,0.6854,0.8008,0.8629
414,0.7196,0.8183,0.9509
415,0.6896,0.8022,0.9088
416,0.7528,0.8429,0.9151
417,0.7402,0.8401,0.9386
418,0.6415,0.7764,0.8005
419,0.7025,0.8108,0.893
420,0.644,0.7772,0.8207
421,0.786,0.8745,0.9365
422,0.5658,0.7047,0.7908
423,0.3147,0.4651,0.5297
424,0.7312,0.8265,0.9631
425,0.7113,0.815,0.8846
426,0.8493,0.9131,0.9509
427,0.6336,0.7589,0.8361
428,0.5905,0.7317,0.7808
429,0.6539,0.7857,0.8294
430,0.818,0.8909,0.95
431,0.7509,0.8429,0.9111
432,0.6352,0.7615,0.8251
433,0.7926,0.8724,0.9364
434,0.7062,0.812,0.8834
435,0.8145,0.8908,0.9506
436,0.7887,0.8691,0.9309
437,0.6903,0.8036,0.9232
438,0.8539,0.9125,0.9701
439,0.6148,0.738,0.8698
440,0.7521,0.8516,0.8904
441,0.722,0.8234,0.9036
442,0.6162,0.7381,0.9212
443,0.7274,0.8293,0.9429
444,0.7613,0.8526,0.9139
445,0.8373,0.9046,0.9673
446,0.7072,0.8127,0.9431
447,0.6449,0.7598,0.964
448,0.782,0.8693,0.9593
449,0.7006,0.8086,0.937
450,0.7183,0.8252,0.8818
451,0.8329,0.9032,0.9428
452,0.869,0.9266,0.9681
453,0.8347,0.9031,0.9681
454,0.7573,0.851,0.9219
455,0.7272,0.8287,0.9097
456,0.7743,0.856,0.9315
457,0.8655,0.9242,0.9667
458,0.7969,0.8795,0.9487
459,0.7805,0.8708,0.9255
460,0.7571,0.8506,0.9197
461,0.7161,0.8204,0.8726
462,0.7737,0.8643,0.903
463,0.6005,0.7396,0.8244
464,0.8171,0.8928,0.9751
465,0.8034,0.8845,0.9422
466,0.7617,0.8544,0.9384
467,0.6733,0.7797,0.8898
468,0.8992,0.9444,0.9671
469,0.8113,0.8865,0.9332
470,0.6547,0.781,0.8399
471,0.6024,0.7422,0.7924
472,0.8291,0.8989,0.9604
473,0.6168,0.7363,0.9147
474,0.6693,0.7742,0.9374
475,0.8241,0.8981,0.9617
476,0.689,0.8116,0.8381
477,0.8111,0.8888,0.9499
478,0.8291,0.8999,0.9407
479,0.6728,0.7853,0.8623
480,0.7804,0.8677,0.9293
481,0.8645,0.9226,0.9598
482,0.821,0.8951,0.9535
483,0.8647,0.9229,0.9682
484,0.854,0.9165,0.986
485,0.5351,0.666,0.8489
486,0.6398,0.7673,0.8635
487,0.5421,0.6963,0.7347
488,0.7861,0.8706,0.948
489,0.7476,0.843,0.9529
490,0.3061,0.4625,0.5113
491,0.8007,0.8819,0.9727
492,0.809,0.8871,0.9802
493,0.6773,0.7886,0.8917
494,0.5891,0.7211,0.8124
495,0.6955,0.8028,0.93
496,0.7804,0.8684,0.926
497,0.7246,0.8184,0.8984
498,0.8016,0.883,0.9337
499,0.808,0.8865,0.9286
500,0.7175,0.8269,0.871
501,0.623,0.7368,0.8364
502,0.673,0.7872,0.857
503,0.6738,0.7849,0.8591
504,0.8885,0.9383,0.9648
505,0.2394,0.3786,0.4407
506,0.5651,0.6984,0.8517
507,0.801,0.8804,0.9353
508,0.7058,0.8156,0.8685
509,0.7986,0.8758,0.9328
510,0.8272,0.9009,0.9719
511,0.7416,0.8448,0.8911
512,0.7774,0.8659,0.9537
513,0.5917,0.7315,0.7711
514,0.5668,0.7023,0.8643
515,0.7192,0.8211,0.9404
516,0.6424,0.7566,0.9102
517,0.7824,0.8654,0.9219
518,0.6262,0.7483,0.8536
519,0.7266,0.8289,0.8906
520,0.6756,0.7934,0.8599
521,0.6086,0.7303,0.9457
522,0.7254,0.822,0.8962
523,0.8641,0.9225,0.9563
524,0.8035,0.8833,0.9256
525,0.8548,0.9144,0.9702
526,0.8417,0.9085,0.9566
527,0.693,0.8067,0.9357
528,0.7376,0.8353,0.9496
529,0.6556,0.7745,0.8425
530,0.6973,0.8015,0.8971
531,0.8457,0.9112,0.9423
532,0.79,0.8737,0.9365
533,0.6224,0.7517,0.8736
534,0.8527,0.9159,0.9437
535,0.8278,0.899,0.9413
536,0.4927,0.6141,0.8876
537,0.7914,0.8725,0.9304
538,0.6991,0.8142,0.8607
539,0.7668,0.8553,0.9348
540,0.8059,0.8853,0.9252
541,0.5759,0.6996,0.9135
542,0.7801,0.8665,0.932
543,0.7726,0.8588,0.9178
544,0.6453,0.7571,0.9225
545,0.8083,0.8873,0.9597
546,0.6645,0.7874,0.8408
547,0.7599,0.8535,0.924
548,0.61,0.7272,0.8904
549,0.8565,0.9176,0.9722
550,0.7492,0.8426,0.9077
551,0.5318,0.6508,0.9248
552,0.7316,0.833,0.8984
553,0.7082,0.8114,0.8986
554,0.8729,0.9282,0.9614
555,0.7099,0.8161,0.8687
556,0.6408,0.7658,0.8853
557,0.8343,0.9024,0.9458
558,0.7128,0.8186,0.8838
559,0.8534,0.915,0.9567
560,0.7846,0.8695,0.9488
561,0.8364,0.9046,0.9716
562,0.8657,0.9213,0.9714
563,0.8366,0.9052,0.9708
564,0.6704,0.7824,0.8976
565,0.7923,0.8734,0.942
566,0.6019,0.7263,0.8168
567,0.7912,0.8729,0.9518
568,0.8228,0.892,0.9597
569,0.8018,0.8827,0.9312
570,0.8437,0.9092,0.9547
571,0.7823,0.8639,0.9293
572,0.8305,0.9014,0.9575
573,0.6915,0.8126,0.8502
574,0.8357,0.9026,0.949
575,0.5854,0.7181,0.7889
576,0.7348,0.8306,0.9137
577,0.8157,0.8898,0.9703
578,0.5361,0.6738,0.7943
579,0.7585,0.848,0.9164
580,0.8252,0.8958,0.9441
581,0.7551,0.849,0.9046
582,0.7453,0.8435,0.89
583,0.6505,0.7662,0.9195
584,0.8061,0.8806,0.9487
585,0.8317,0.9016,0.9379
586,0.7468,0.8411,0.9212
587,0.7263,0.8293,0.8874
588,0.8734,0.927,0.9684
589,0.5016,0.6447,0.801
590,0.3286,0.4695,0.5762
591,0.8567,0.9178,0.9495
592,0.7665,0.8531,0.9212
593,0.7763,0.8603,0.9248
594,0.8032,0.882,0.9334
595,0.5143,0.6565,0.7889
596,0.7079,0.815,0.8687
597,0.7632,0.8521,0.9381
598,0.789,0.8711,0.9248
599,0.8091,0.8838,0.9593
600,0.7559,0.8491,0.9171
601,0.8473,0.9128,0.9517
602,0.8466,0.9101,0.9579
603,0.4822,0.6194,0.7487
604,0.8411,0.9067,0.9485
605,0.7597,0.8552,0.8945
606,0.7943,0.8753,0.9361
607,0.6786,0.7832,0.8883
608,0.8221,0.8941,0.9386
609,0.7007,0.8065,0.8915
610,0.822,0.8933,0.9411
611,0.7646,0.8558,0.912
612,0.7721,0.8586,0.936
613,0.7562,0.841,0.9139
614,0.7588,0.8517,0.9339
615,0.7284,0.8323,0.875
616,0.727,0.8252,0.8999
617,0.8364,0.9039,0.946
618,0.7529,0.8475,0.9016
619,0.7645,0.8532,0.9197
620,0.7517,0.8491,0.8983
621,0.6588,0.7824,0.8438
622,0.7596,0.8552,0.8936
623,0.5667,0.6928,0.8311
624,0.6553,0.764,0.9087
625,0.8297,0.8965,0.9573
626,0.7774,0.8659,0.8995
627,0.735,0.8363,0.899
628,0.6847,0.7952,0.8806
629,0.8071,0.8837,0.9325
630,0.798,0.8777,0.9328
631,0.6932,0.8074,0.8557
632,0.8071,0.8893,0.9203
633,0.7704,0.8609,0.9065
634,0.5876,0.734,0.7737
635,0.776,0.8644,0.9012
636,0.6855,0.7884,0.8649
637,0.7557,0.8497,0.9034
638,0.721,0.8296,0.8781
639,0.6509,0.7683,0.8474
640,0.6091,0.7279,0.826
641,0.6648,0.7891,0.8337
642,0.7511,0.8509,0.8873
643,0.8582,0.9189,0.9499
644,0.3415,0.415,0.8203
645,0.705,0.8062,0.9254
646,0.6992,0.8109,0.865
647,0.833,0.9035,0.9339
648,0.8007,0.88,0.9388
649,0.6451,0.7703,0.8489
650,0.7641,0.8577,0.896
651,0.7821,0.8673,0.9166
652,0.5991,0.7199,0.8282
653,0.5887,0.7246,0.796
654,0.8776,0.9298,0.97
655,0.8642,0.9203,0.9679
656,0.7241,0.8176,0.9319
657,0.7595,0.8538,0.9124
658,0.7603,0.8495,0.9098
659,0.8582,0.9158,0.9671
660,0.439,0.5671,0.7096
661,0.8319,0.9009,0.9464
662,0.3193,0.4448,0.6412
663,0.7736,0.8634,0.9126
664,0.8193,0.8941,0.9403
665,0.7701,0.8599,0.8979
666,0.6595,0.7699,0.8795
667,0.8203,0.894,0.9567
668,0.597,0.735,0.8024
669,0.8152,0.8935,0.9265
670,0.7092,0.8098,0.8795
671,0.7424,0.84,0.8888
672,0.7246,0.8226,0.9109
673,0.7331,0.8295,0.9041
674,0.7392,0.8335,0.8998
675,0.7897,0.8693,0.9304
676,0.7819,0.8727,0.9224
677,0.7871,0.8711,0.9231
678,0.7075,0.8227,0.8598
679,0.5788,0.7148,0.791
680,0.8091,0.8882,0.9265
681,0.845,0.9107,0.9416
682,0.7863,0.8696,0.9369
683,0.6277,0.7528,0.8237
684,0.5992,0.731,0.8088
685,0.6827,0.799,0.8757
686,0.681,0.7934,0.8631
687,0.7457,0.8331,0.9223
688,0.8344,0.9031,0.9413
689,0.8407,0.9063,0.9528
690,0.7099,0.8124,0.9106
691,0.5621,0.6984,0.8448
692,0.778,0.8623,0.9526
693,0.677,0.7898,0.8597
694,0.6818,0.7949,0.8653
695,0.7938,0.8764,0.9194
696,0.8303,0.9006,0.9434
697,0.8256,0.8942,0.9695
698,0.8546,0.9155,0.965
699,0.7786,0.8641,0.9111
700,0.697,0.8023,0.8701
701,0.4065,0.5393,0.7521
702,0.6069,0.75,0.7903
703,0.8157,0.8893,0.9704
704,0.7328,0.835,0.8906
705,0.7907,0.8722,0.9262
706,0.6871,0.7996,0.8795
707,0.5828,0.7014,0.8926
708,0.4246,0.5767,0.6509
709,0.8178,0.8937,0.9503
710,0.6878,0.81,0.8545
711,0.8767,0.9318,0.9504
712,0.7768,0.8638,0.9161
713,0.2804,0.4257,0.4993
714,0.3917,0.5308,0.6969
715,0.7156,0.8213,0.8743
716,0.7811,0.8669,0.9308
717,0.8493,0.9137,0.9453
718,0.8941,0.9417,0.9649
719,0.8368,0.9051,0.9608
720,0.892,0.9398,0.9814
721,0.5119,0.624,0.8928
722,0.8663,0.9236,0.9569
723,0.8507,0.9141,0.9577
724,0.8286,0.8998,0.9429
725,0.8794,0.9333,0.9556
726,0.7721,0.8607,0.9255
727,0.7909,0.8704,0.9317
728,0.6809,0.7865,0.9087
729,0.8401,0.9079,0.9526
730,0.7058,0.8195,0.866
731,0.7397,0.83,0.9148
732,0.7339,0.8346,0.9191
733,0.8673,0.9261,0.9556
734,0.8519,0.9146,0.9515
735,0.8546,0.9163,0.9592
736,0.7288,0.8314,0.8776
737,0.7344,0.8319,0.8906
738,0.789,0.8708,0.9119
739,0.4594,0.6052,0.6893
740,0.7153,0.8201,0.8846
741,0.8166,0.8897,0.9371
742,0.854,0.9164,0.9604
743,0.2904,0.4012,0.6312
744,0.4052,0.5272,0.7822
745,0.8886,0.9377,0.9708
746,0.7295,0.8299,0.9006
747,0.7374,0.8275,0.9116
748,0.7252,0.8297,0.8963
749,0.7983,0.8808,0.9221
750,0.6861,0.8058,0.8536
751,0.8863,0.9368,0.9609
752,0.8039,0.8778,0.9415
753,0.389,0.5201,0.7357
754,0.7217,0.8328,0.8733
755,0.8496,0.9122,0.9664
756,0.5431,0.6495,0.9063
757,0.6647,0.7877,0.8489
758,0.8353,0.9033,0.9628
759,0.7736,0.8628,0.9228
760,0.7102,0.8163,0.8853
761,0.7863,0.8717,0.9142
762,0.8231,0.8964,0.9362
763,0.8588,0.9192,0.9512
764,0.8348,0.9023,0.9565
765,0.772,0.8648,0.897
766,0.8385,0.9057,0.9598
767,0.8704,0.9279,0.9489
768,0.7749,0.8657,0.8949
769,0.806,0.883,0.942
770,0.8132,0.8895,0.9442
771,0.7121,0.8127,0.9003
772,0.9006,0.9453,0.9722
773,0.8401,0.9081,0.9641
774,0.888,0.9373,0.9668
775,0.6817,0.8032,0.8442
776,0.8414,0.9081,0.9677
777,0.8208,0.8927,0.9425
778,0.8467,0.9101,0.9505
779,0.786,0.8676,0.9317
780,0.5745,0.722,0.7711
781,0.6844,0.797,0.8945
782,0.8054,0.8849,0.9255
783,0.7395,0.842,0.8797
784,0.7294,0.8214,0.8973
785,0.7271,0.8293,0.8964
786,0.7317,0.8305,0.8934
787,0.8385,0.9056,0.965
788,0.6651,0.784,0.8987
789,0.4274,0.5915,0.6506
790,0.6344,0.7445,0.9221
791,0.5412,0.6839,0.7952
792,0.8329,0.8988,0.9822
793,0.7996,0.8739,0.9448
794,0.7062,0.8184,0.8707
795,0.6755,0.796,0.8559
796,0.8508,0.913,0.9598
797,0.7791,0.8618,0.9457
798,0.6081,0.7458,0.7976
799,0.6928,0.7919,0.8564
800,0.3526,0.5124,0.5681
801,0.6354,0.7727,0.8035
802,0.6993,0.8048,0.8894
803,0.7306,0.8305,0.8836
804,0.7917,0.8716,0.9393
805,0.7811,0.8737,0.9001
806,0.7528,0.8441,0.9012
807,0.8274,0.895,0.9502
808,0.6504,0.7818,0.8493
809,0.7576,0.8514,0.9277
810,0.6063,0.7479,0.8015
811,0.8252,0.8987,0.9383
812,0.8158,0.8931,0.9333
813,0.7913,0.8724,0.9228
814,0.6438,0.7622,0.9234
815,0.5497,0.7011,0.7227
816,0.7445,0.8357,0.9032
817,0.5839,0.7294,0.7587
818,0.555,0.706,0.74
819,0.7824,0.8666,0.9829
820,0.7682,0.8576,0.9092
821,0.7852,0.8725,0.9314
822,0.7333,0.8362,0.9129
823,0.7755,0.865,0.913
824,0.7212,0.8273,0.8782
825,0.7518,0.8461,0.9453
826,0.7517,0.8479,0.9387
827,0.6722,0.7876,0.8534
828,0.8143,0.8912,0.9282
829,0.8038,0.8803,0.9263
830,0.7345,0.8353,0.9341
831,0.6868,0.8005,0.881
832,0.6673,0.7913,0.8545
833,0.7688,0.8586,0.9094
834,0.8453,0.9127,0.9649
835,0.7585,0.8548,0.9037
836,0.7606,0.8583,0.8929
837,0.7862,0.8735,0.9565
838,0.6741,0.8008,0.8338
839,0.6922,0.8134,0.8476
840,0.6349,0.7687,0.8149
841,0.6545,0.7783,0.8675
842,0.6383,0.7557,0.8504
843,0.8352,0.9037,0.9496
844,0.5666,0.696,0.8185
845,0.6925,0.809,0.8394
846,0.6438,0.7816,0.8056
847,0.724,0.8259,0.9757
848,0.7754,0.868,0.8966
849,0.7112,0.8175,0.8831
850,0.7043,0.8051,0.8928
851,0.6968,0.8115,0.8636
852,0.7545,0.852,0.9338
853,0.7378,0.8337,0.9047
854,0.4588,0.6201,0.6669
855,0.6769,0.7765,0.9107
856,0.5284,0.6857,0.7162
857,0.6577,0.7735,0.8533
858,0.7238,0.8283,0.9424
859,0.8397,0.907,0.9639
860,0.658,0.7605,0.8471
861,0.8339,0.9026,0.9446
862,0.8185,0.895,0.9655
863,0.8162,0.8895,0.9386
864,0.6261,0.7634,0.8152
865,0.7873,0.8696,0.9517
866,0.7651,0.8541,0.924
867,0.8681,0.9248,0.9605
868,0.7841,0.8703,0.9732
869,0.4639,0.6134,0.746
870,0.6882,0.7909,0.8889
871,0.5659,0.7013,0.8547
872,0.8388,0.9035,0.9635
873,0.7044,0.8133,0.8951
874,0.8381,0.9041,0.9492
875,0.485,0.6181,0.8296
876,0.6354,0.7671,0.8203
877,0.4386,0.6032,0.64
878,0.6526,0.7761,0.8351
879,0.7883,0.8706,0.9233
880,0.6,0.742,0.7942
881,0.5014,0.6236,0.8731
882,0.8081,0.8818,0.9478
883,0.6312,0.7656,0.8259
884,0.7889,0.8719,0.912
885,0.7529,0.8521,0.9077
886,0.7573,0.848,0.9131
887,0.7953,0.8731,0.939
888,0.8154,0.8894,0.9443
889,0.8057,0.8785,0.9463
890,0.7894,0.8693,0.9355
891,0.5008,0.6413,0.816
892,0.7765,0.8631,0.9191
893,0.9097,0.9505,0.9796
894,0.8385,0.9049,0.9617
895,0.6837,0.8028,0.8604
896,0.8166,0.8895,0.9418
897,0.8327,0.902,0.9331
898,0.6969,0.8041,0.879
899,0.825,0.897,0.9516
900,0.5142,0.6664,0.7436
901,0.8889,0.9385,0.9609
902,0.9024,0.9467,0.9716
903,0.7215,0.8163,0.9033
904,0.8687,0.9248,0.96
905,0.8856,0.936,0.9628
906,0.5255,0.6846,0.7172
907,0.8557,0.9173,0.9484
908,0.8407,0.9059,0.9689
909,0.7657,0.8543,0.9103
910,0.7564,0.8466,0.9061
911,0.833,0.8979,0.9577
912,0.8804,0.9317,0.973
913,0.87,0.9257,0.9711
914,0.8394,0.9074,0.9479
915,0.8757,0.9283,0.9716
916,0.8585,0.9198,0.9456
917,0.6795,0.7962,0.845
918,0.7739,0.8625,0.9162
919,0.8788,0.9313,0.9661
920,0.8367,0.9037,0.9502
921,0.7438,0.8444,0.8953
922,0.7351,0.8288,0.9048
923,0.7742,0.8571,0.9528
924,0.6663,0.7791,0.8544
925,0.8426,0.9053,0.9609
926,0.8832,0.9342,0.9764
927,0.7394,0.8264,0.9182
928,0.814,0.8893,0.9442
929,0.854,0.9162,0.9504
930,0.8058,0.8813,0.9376
931,0.7213,0.8132,0.9067
932,0.8064,0.8811,0.935
933,0.8476,0.9111,0.9505
934,0.7496,0.8451,0.9067
935,0.621,0.7404,0.889
936,0.6275,0.757,0.8459
937,0.5967,0.7347,0.8202
938,0.7032,0.8118,0.8775
939,0.6788,0.7988,0.8517
940,0.6163,0.7376,0.831
941,0.7783,0.867,0.9053
942,0.6078,0.7436,0.8042
943,0.8078,0.8804,0.9455
944,0.7824,0.8744,0.9084
945,0.7697,0.8665,0.8922
946,0.8381,0.9048,0.9508
947,0.8184,0.8908,0.9457
948,0.8018,0.8809,0.9385
949,0.757,0.8509,0.9105
950,0.5009,0.6309,0.8674
951,0.7387,0.8345,0.932
952,0.8222,0.8938,0.9453
953,0.822,0.8946,0.9357
954,0.8381,0.9055,0.9443
955,0.8102,0.886,0.9499
956,0.8825,0.9339,0.9722
957,0.8548,0.9146,0.9619
958,0.7951,0.8758,0.9244
959,0.8014,0.8791,0.9357
960,0.7337,0.8388,0.8847
961,0.8812,0.933,0.9636
962,0.6572,0.7694,0.8734
963,0.7622,0.8501,0.9066
964,0.815,0.8895,0.9317
965,0.8492,0.9114,0.9556
966,0.8707,0.9258,0.9648
967,0.7865,0.8726,0.9201
968,0.8183,0.888,0.9507
969,0.7842,0.8729,0.9252
970,0.6641,0.7734,0.921
971,0.7479,0.844,0.9124
972,0.6491,0.7733,0.8171
973,0.5152,0.6711,0.7342
974,0.6493,0.7801,0.8253
975,0.7189,0.8242,0.898
976,0.8325,0.8998,0.9501
977,0.7939,0.8701,0.9382
978,0.8492,0.9117,0.9573
979,0.8368,0.9024,0.9543
980,0.3032,0.4369,0.5823
981,0.8495,0.9115,0.9554
982,0.797,0.8771,0.9302
983,0.8294,0.8992,0.9417
984,0.7859,0.8731,0.9191
985,0.7508,0.8463,0.9234
986,0.7273,0.8291,0.9031
987,0.7873,0.873,0.9612
988,0.7817,0.8662,0.9167
989,0.4701,0.6244,0.717
990,0.8162,0.8911,0.9489
991,0.6611,0.7792,0.8711
992,0.8309,0.9025,0.9411
993,0.7519,0.8458,0.9183
994,0.8561,0.9186,0.9459
995,0.71,0.815,0.927
996,0.7523,0.8456,0.9141
997,0.7065,0.8212,0.8674
998,0.795,0.8782,0.9376
999,0.8081,0.8864,0.9586
1000,0.7447,0.8466,0.8954
1001,0.7524,0.8472,0.965
1002,0.8425,0.9092,0.9628
1003,0.6548,0.7724,0.9144
1004,0.6131,0.7451,0.8068
1005,0.5642,0.6896,0.9058
1006,0.6968,0.807,0.863
1007,0.4474,0.5943,0.744
1008,0.6897,0.8023,0.8715
1009,0.751,0.8487,0.9377
1010,0.8106,0.8886,0.9417
1011,0.7013,0.813,0.9019
1012,0.6822,0.7872,0.9499
1013,0.7955,0.8752,0.9254
1014,0.8125,0.8856,0.942
1015,0.6874,0.8019,0.8621
1016,0.8565,0.9175,0.9512
1017,0.6886,0.8018,0.8654
1018,0.7545,0.852,0.9343
1019,0.8452,0.9097,0.9528
1020,0.7881,0.8726,0.928
1021,0.8073,0.8905,0.9019
1022,0.4266,0.5855,0.6445
1023,0.7537,0.8469,0.9314
1024,0.4978,0.6571,0.7166
1025,0.6435,0.7596,0.8948
1026,0.7373,0.8352,0.9301
1027,0.801,0.879,0.9408
1028,0.8301,0.9005,0.9572
1029,0.7693,0.8587,0.9031
1030,0.4386,0.5595,0.7739
1031,0.6266,0.7534,0.8967
1032,0.8371,0.9054,0.9512
1033,0.647,0.7743,0.8452
1034,0.7206,0.8243,0.9485
1035,0.7662,0.858,0.9009
1036,0.7533,0.8517,0.9271
1037,0.6303,0.7637,0.8239
1038,0.7044,0.808,0.9608
1039,0.4437,0.5943,0.6812
1040,0.7224,0.8252,0.8636
1041,0.896,0.9429,0.9902
1042,0.7603,0.859,0.8862
1043,0.6618,0.7885,0.8221
1044,0.775,0.8638,0.9067
1045,0.7805,0.8696,0.9616
1046,0.8312,0.9022,0.9556
1047,0.7552,0.8528,0.9153
1048,0.8342,0.9055,0.9585
1049,0.7821,0.8687,0.916
1050,0.8136,0.8902,0.928
1051,0.8068,0.8842,0.9699
1052,0.6908,0.8088,0.86
1053,0.8533,0.9156,0.9549
1054,0.5562,0.6919,0.7698
1055,0.795,0.877,0.9337
1056,0.7346,0.8304,0.9342
1057,0.8105,0.8858,0.9391
1058,0.7542,0.8504,0.9162
1059,0.7313,0.8376,0.8663
1060,0.8264,0.8999,0.9439
1061,0.7668,0.8635,0.8943
1062,0.7684,0.8591,0.9686
1063,0.7561,0.8475,0.9493
1064,0.7648,0.8567,0.8954
1065,0.584,0.7113,0.891
1066,0.7719,0.8587,0.9385
1067,0.6665,0.7765,0.9258
1068,0.77,0.8614,0.915
1069,0.8117,0.889,0.9347
1070,0.5892,0.7217,0.8326
1071,0.8481,0.9132,0.9422
1072,0.7222,0.8275,0.8884
1073,0.8157,0.8938,0.9328
1074,0.7246,0.8258,0.9734
1075,0.503,0.6144,0.9171
1076,0.7487,0.8433,0.8975
1077,0.8105,0.8877,0.9442
1078,0.8887,0.9376,0.9672
1079,0.7391,0.8399,0.9203
1080,0.4869,0.6348,0.7079
1081,0.6199,0.7474,0.8085
1082,0.7986,0.8798,0.9533
1083,0.7848,0.8729,0.9236
1084,0.7239,0.8288,0.8801
1085,0.7448,0.837,0.9317
1086,0.5119,0.6708,0.7139
1087,0.5946,0.7414,0.773
1088,0.806,0.8866,0.9269
1089,0.771,0.8623,0.9073
1090,0.5493,0.6939,0.7991
1091,0.6742,0.7773,0.8689
1092,0.8256,0.8949,0.9479
1093,0.1546,0.2113,0.4639
1094,0.7174,0.8233,0.8838
1095,0.8419,0.9067,0.9595
1096,0.8518,0.9142,0.9503
1097,0.6763,0.7887,0.9026
1098,0.5607,0.6891,0.8057
1099,0.5961,0.72,0.8506
1100,0.8119,0.8884,0.9321
1101,0.749,0.8387,0.9085
1102,0.7346,0.8305,0.9028
1103,0.6916,0.7965,0.8829
1104,0.83,0.8996,0.9407
1105,0.786,0.8695,0.9551
1106,0.7128,0.8173,0.8976
1107,0.7171,0.8215,0.8925
1108,0.4665,0.618,0.7166
1109,0.7056,0.8095,0.8839
1110,0.613,0.7535,0.8011
1111,0.7898,0.8746,0.9239
1112,0.6792,0.7855,0.8809
1113,0.7517,0.8481,0.9061
1114,0.7752,0.8644,0.9081
1115,0.8136,0.8899,0.928
1116,0.8145,0.8913,0.934
1117,0.8343,0.9043,0.9575
1118,0.7592,0.8539,0.9068
1119,0.7266,0.8289,0.8809
1120,0.7643,0.8526,0.9032
1121,0.8581,0.919,0.9559
1122,0.8417,0.9101,0.9415
1123,0.7407,0.8456,0.8819
1124,0.8359,0.9052,0.9338
1125,0.514,0.6447,0.8082
1126,0.6913,0.8015,0.8586
1127,0.8899,0.9395,0.9788
1128,0.8696,0.9271,0.9722
1129,0.5968,0.7391,0.7819
1130,0.702,0.8143,0.8674
1131,0.7875,0.8707,0.9218
1132,0.8583,0.9204,0.9489
1133,0.4984,0.6383,0.7469
1134,0.8508,0.9138,0.9635
1135,0.8402,0.9086,0.9529
1136,0.7805,0.8673,0.944
1137,0.8125,0.8897,0.9603
1138,0.7437,0.839,0.9083
1139,0.654,0.7665,0.8444
1140,0.7629,0.855,0.9103
1141,0.7562,0.8517,0.9398
1142,0.8203,0.8965,0.9378
1143,0.764,0.8549,0.9075
1144,0.861,0.9203,0.9622
1145,0.8027,0.8836,0.9327
1146,0.6684,0.7872,0.8517
1147,0.835,0.9037,0.9664
1148,0.8209,0.8964,0.9218
1149,0.6663,0.7798,0.8522
1150,0.8432,0.9097,0.9506
1151,0.8324,0.8978,0.9616
1152,0.8607,0.9205,0.9613
1153,0.821,0.8929,0.9431
1154,0.869,0.9255,0.9658
1155,0.8403,0.909,0.9409
1156,0.7561,0.8501,0.8974
1157,0.8981,0.9437,0.9709
1158,0.7736,0.8632,0.9415
1159,0.7797,0.866,0.924
1160,0.7615,0.8543,0.9211
1161,0.6745,0.7848,0.9224
1162,0.6484,0.7776,0.841
1163,0.7214,0.8313,0.8566
1164,0.7172,0.8264,0.8597
1165,0.6526,0.7744,0.8815
1166,0.7207,0.8206,0.8919
1167,0.7062,0.8157,0.9008
1168,0.8295,0.9015,0.9614
1169,0.58,0.7195,0.8128
1170,0.8586,0.9202,0.9554
1171,0.8349,0.9046,0.9342
1172,0.7158,0.8206,0.8948
1173,0.7913,0.8737,0.9382
1174,0.7866,0.8724,0.9186
1175,0.7832,0.8699,0.9178
1176,0.8566,0.9177,0.9531
1177,0.8419,0.9089,0.9583
1178,0.8592,0.9196,0.9552
1179,0.832,0.9025,0.9431
1180,0.8609,0.9197,0.9747
1181,0.8213,0.8949,0.9489
1182,0.5937,0.697,0.8373
1183,0.7461,0.8403,0.9032
1184,0.8292,0.8989,0.9732
1185,0.7601,0.8479,0.9149
1186,0.7209,0.8169,0.9
1187,0.7418,0.8348,0.9442
1188,0.6951,0.798,0.889
1189,0.772,0.8627,0.9143
1190,0.7816,0.8698,0.9174
1191,0.7295,0.8297,0.8828
1192,0.6023,0.7163,0.7594
1193,0.6338,0.7608,0.8203
1194,0.7867,0.8694,0.9192
1195,0.7376,0.8314,0.8882
1196,0.7287,0.8334,0.8798
1197,0.8463,0.9116,0.9466
1198,0.6962,0.8012,0.8754
1199,0.675,0.7899,0.8362
1200,0.6217,0.7456,0.8358
1201,0.8109,0.8869,0.9429
1202,0.7053,0.8022,0.8887
1203,0.3105,0.4453,0.586
1204,0.7425,0.8362,0.8881
1205,0.8551,0.9163,0.9536
1206,0.8748,0.9286,0.9781
1207,0.783,0.8672,0.9193
1208,0.7779,0.8611,0.9262
1209,0.6792,0.7898,0.9576
1210,0.7618,0.8537,0.9149
1211,0.7655,0.8525,0.9329
1212,0.7501,0.8442,0.897
1213,0.7151,0.813,0.9401
1214,0.8181,0.8925,0.9322
1215,0.7919,0.8728,0.9373
1216,0.8429,0.9092,0.9441
1217,0.7634,0.8537,0.9363
1218,0.8525,0.9142,0.9711
1219,0.8467,0.9093,0.9642
1220,0.8374,0.9056,0.9547
1221,0.7904,0.8738,0.9376
1222,0.8617,0.9213,0.9637
1223,0.7506,0.8458,0.9197
1224,0.531,0.6783,0.7363
1225,0.7394,0.8372,0.9254
1226,0.8637,0.9229,0.9608
1227,0.6675,0.7901,0.847
1228,0.5919,0.7285,0.8128
1229,0.7203,0.8241,0.8822
1230,0.7965,0.8763,0.9587
1231,0.82,0.8934,0.9501
1232,0.7349,0.8281,0.9207
1233,0.7857,0.8666,0.9492
1234,0.8071,0.881,0.9465
1235,0.7819,0.8621,0.9458
1236,0.761,0.8504,0.9603
1237,0.8608,0.9207,0.9623
1238,0.8234,0.8967,0.9803
1239,0.8372,0.904,0.9592
1240,0.6321,0.7614,0.7997
1241,0.4519,0.6052,0.6761
1242,0.7334,0.8335,0.8759
1243,0.7717,0.8611,0.9512
1244,0.8498,0.912,0.9578
1245,0.7977,0.8813,0.9144
1246,0.8103,0.8889,0.9197
1247,0.6568,0.7837,0.8159
1248,0.7746,0.8605,0.9125
1249,0.7341,0.8342,0.8773
1250,0.6723,0.7884,0.8538
1251,0.6127,0.7393,0.8747
1252,0.8372,0.9053,0.9738
1253,0.7937,0.8756,0.9628
1254,0.7763,0.8661,0.908
1255,0.5239,0.6675,0.7256
1256,0.8738,0.9292,0.9578
1257,0.791,0.8758,0.9837
1258,0.6458,0.7541,0.8581
1259,0.8096,0.8868,0.931
1260,0.7158,0.8235,0.8712
1261,0.6129,0.7365,0.8765
1262,0.6528,0.7716,0.8379
1263,0.7841,0.8666,0.9473
1264,0.4918,0.6251,0.7033
1265,0.7158,0.8054,0.9099
1266,0.7491,0.838,0.912
1267,0.6954,0.8115,0.85
1268,0.7928,0.875,0.9316
1269,0.6727,0.7944,0.843
1270,0.8345,0.9005,0.9534
1271,0.7871,0.8743,0.9528
1272,0.8235,0.8969,0.9399
1273,0.7898,0.8717,0.9441
1274,0.8287,0.9001,0.9356
1275,0.6019,0.7223,0.8051
1276,0.7212,0.8267,0.8937
1277,0.8256,0.8974,0.9565
1278,0.7655,0.8577,0.947
1279,0.8285,0.9002,0.9407
1280,0.5769,0.6984,0.9078
1281,0.6824,0.7998,0.8284
1282,0.7282,0.8313,0.9142
1283,0.7973,0.8791,0.9225
1284,0.7586,0.852,0.9097
1285,0.1964,0.2878,0.4669
1286,0.7761,0.8629,0.9177
1287,0.8268,0.8986,0.9566
1288,0.518,0.6766,0.7193
1289,0.7217,0.8224,0.8833
1290,0.7533,0.84,0.9215
1291,0.7663,0.8586,0.9054
1292,0.765,0.8584,0.8893
1293,0.8457,0.9082,0.9587
1294,0.8099,0.8883,0.9688
1295,0.8345,0.9051,0.9391
1296,0.8137,0.8863,0.9548
1297,0.7001,0.8014,0.9124
1298,0.7974,0.8789,0.9398
1299,0.8159,0.8924,0.9452
1300,0.7778,0.8648,0.9099
1301,0.7344,0.834,0.8964
1302,0.5768,0.7086,0.8038
1303,0.7453,0.8375,0.894
1304,0.698,0.807,0.8558
1305,0.7281,0.8291,0.8893
1306,0.7327,0.8337,0.8782
1307,0.6319,0.7569,0.8228
1308,0.5838,0.7062,0.9196
1309,0.6825,0.7947,0.8651
1310,0.4987,0.6526,0.7104
1311,0.6208,0.7371,0.8417
1312,0.793,0.872,0.952
1313,0.7061,0.8118,0.9526
1314,0.7083,0.8147,0.9412
1315,0.6168,0.7427,0.8155
1316,0.7584,0.8464,0.9108
1317,0.6746,0.7961,0.8583
1318,0.7728,0.8598,0.9086
1319,0.6591,0.7687,0.8457
1320,0.4595,0.5814,0.8035
1321,0.7146,0.8161,0.8916
1322,0.4207,0.5731,0.6561
1323,0.8494,0.9133,0.96
1324,0.8388,0.9079,0.9498
1325,0.7582,0.8513,0.9402
1326,0.7357,0.8339,0.9318
1327,0.8539,0.9162,0.967
1328,0.857,0.9168,0.9752
1329,0.8015,0.8812,0.9459
1330,0.778,0.8665,0.9614
1331,0.6622,0.7886,0.8444
1332,0.6079,0.7368,0.8123
1333,0.5758,0.7141,0.7771
1334,0.6435,0.7725,0.8017
1335,0.8211,0.8962,0.9528
1336,0.7445,0.8349,0.9222
1337,0.6062,0.7307,0.7948
1338,0.6384,0.7566,0.8506
1339,0.7595,0.855,0.9362
1340,0.8008,0.8839,0.9366
1341,0.8092,0.8872,0.9392
1342,0.819,0.8943,0.9562
1343,0.7965,0.8789,0.9312
1344,0.8414,0.9073,0.9552
1345,0.7698,0.8606,0.9606
1346,0.7361,0.8377,0.9438
1347,0.6345,0.7588,0.8144
1348,0.7345,0.8299,0.901
1349,0.7793,0.8654,0.9347
1350,0.679,0.7816,0.9222
1351,0.7805,0.8623,0.9294
1352,0.7895,0.876,0.9332
1353,0.847,0.912,0.9532
1354,0.7558,0.8461,0.9472
1355,0.8783,0.9323,0.972
1356,0.7436,0.8415,0.8994
1357,0.7123,0.8189,0.8979
1358,0.8375,0.905,0.9639
1359,0.7025,0.8021,0.8725
1360,0.784,0.8684,0.9174
1361,0.7244,0.8266,0.8998
1362,0.5654,0.6999,0.8196
1363,0.7896,0.8733,0.9376
1364,0.7497,0.8477,0.9297
1365,0.7578,0.8529,0.949
1366,0.8326,0.9033,0.942
1367,0.7285,0.8282,0.9373
1368,0.8068,0.8804,0.9454
1369,0.6869,0.7917,0.8938
1370,0.7524,0.8447,0.9019
1371,0.4855,0.6323,0.7079
1372,0.747,0.8451,0.9041
1373,0.8252,0.8964,0.9375
1374,0.794,0.8793,0.9398
1375,0.7846,0.8669,0.9197
1376,0.7685,0.8594,0.9128
1377,0.8121,0.8901,0.9392
1378,0.7619,0.8541,0.9658
1379,0.6876,0.8001,0.8308
1380,0.7626,0.8542,0.9011
1381,0.69,0.802,0.8605
1382,0.5385,0.6768,0.8129
1383,0.5918,0.7137,0.8827
1384,0.7624,0.8524,0.9306
1385,0.6878,0.7953,0.8813
1386,0.5511,0.691,0.7804
1387,0.7509,0.8509,0.901
1388,0.5972,0.7192,0.8831
1389,0.619,0.7415,0.8262
1390,0.5389,0.6814,0.7748
1391,0.8337,0.9046,0.9324
1392,0.6899,0.7983,0.9293
1393,0.5104,0.6566,0.793
1394,0.7735,0.865,0.9174
1395,0.6811,0.7977,0.8363
1396,0.7411,0.8393,0.8876
1397,0.4511,0.596,0.6608
1398,0.7537,0.8465,0.9348
1399,0.6195,0.7531,0.7902
1400,0.8063,0.8852,0.9153
1401,0.8317,0.901,0.9586
1402,0.8193,0.8956,0.9689
1403,0.7871,0.873,0.9262
1404,0.8004,0.8765,0.9382
1405,0.513,0.6538,0.8169
1406,0.7009,0.8084,0.9285
1407,0.7693,0.8591,0.918
1408,0.7261,0.8356,0.8721
1409,0.629,0.7557,0.808
1410,0.8367,0.9038,0.9465
1411,0.6175,0.7432,0.8613
1412,0.6362,0.7514,0.8414
1413,0.8239,0.8973,0.9337
1414,0.8255,0.8999,0.9673
1415,0.7394,0.839,0.9727
1416,0.7923,0.8775,0.9769
1417,0.779,0.8637,0.9299
1418,0.5888,0.728,0.7805
1419,0.6241,0.7468,0.8842
1420,0.7236,0.8219,0.9015
1421,0.6043,0.7402,0.8199
1422,0.7168,0.8251,0.8948
1423,0.7837,0.8717,0.9332
1424,0.5176,0.6458,0.8799
1425,0.4799,0.6347,0.7126
1426,0.7511,0.8483,0.962
1427,0.7559,0.8501,0.9568
1428,0.6455,0.7677,0.8938
1429,0.551,0.6675,0.8528
1430,0.4002,0.5469,0.5951
1431,0.5135,0.6455,0.7823
1432,0.7955,0.8769,0.9371
1433,0.7339,0.8338,0.9131
1434,0.7221,0.8279,0.9075
1435,0.4619,0.5985,0.7783
1436,0.7396,0.8383,0.9501
1437,0.6835,0.793,0.9698
1438,0.6402,0.7565,0.9559
1439,0.7685,0.8608,0.9654
1440,0.6093,0.7355,0.8999
1441,0.7316,0.8334,0.9696
1442,0.6811,0.7972,0.8555
1443,0.5806,0.7286,0.7811
1444,0.8092,0.8836,0.9393
1445,0.7423,0.8409,0.9523
1446,0.748,0.8449,0.8866
1447,0.7652,0.858,0.9194
1448,0.6344,0.7596,0.8589
1449,0.5368,0.6812,0.7915
1450,0.8193,0.8924,0.9384
1451,0.7425,0.831,0.9247
1452,0.7102,0.8154,0.8934
1453,0.7282,0.8233,0.9296
1454,0.7278,0.8254,0.913
1455,0.7591,0.8549,0.9457
1456,0.8564,0.9169,0.9562
1457,0.8369,0.9048,0.952
1458,0.8353,0.9063,0.9646
1459,0.6654,0.7816,0.8897
1460,0.54,0.6783,0.8367
1461,0.6961,0.8122,0.8384
1462,0.6618,0.7829,0.8448
1463,0.7166,0.819,0.9022
1464,0.6802,0.7876,0.8875
1465,0.7609,0.8543,0.929
1466,0.7098,0.818,0.886
1467,0.7007,0.8074,0.8809
1468,0.7015,0.8144,0.8671
1469,0.7759,0.8572,0.9262
1470,0.5608,0.7002,0.77
1471,0.7604,0.852,0.9073
1472,0.7145,0.8195,0.924
1473,0.792,0.8776,0.9283
1474,0.8008,0.8832,0.9678
1475,0.7804,0.8671,0.9064
1476,0.5141,0.6538,0.8214
1477,0.4087,0.5665,0.5673
1478,0.8149,0.8874,0.9482
1479,0.779,0.8681,0.9298
1480,0.7118,0.8213,0.8794
1481,0.6537,0.7777,0.8387
1482,0.8445,0.9091,0.9538
1483,0.726,0.8266,0.8884
1484,0.7902,0.874,0.9108
1485,0.6628,0.7795,0.8572
1486,0.7913,0.8707,0.9286
1487,0.8355,0.9053,0.9504
1488,0.7508,0.8339,0.9269
1489,0.8397,0.907,0.9484
1490,0.8052,0.8791,0.9453
1491,0.8542,0.916,0.9564
1492,0.8196,0.8939,0.9296
1493,0.8047,0.8847,0.9359
1494,0.8006,0.8825,0.9238
1495,0.8757,0.9301,0.9609
1496,0.8697,0.9261,0.9555
1497,0.793,0.8766,0.9551
1498,0.8457,0.9115,0.9543
1499,0.7795,0.8614,0.9198
1500,0.6228,0.7534,0.8528
1501,0.8497,0.9139,0.9545
1502,0.7864,0.8747,0.8981
1503,0.8138,0.8904,0.9219
1504,0.8392,0.9067,0.9397
1505,0.7906,0.872,0.9382
1506,0.864,0.9213,0.961
1507,0.7723,0.8604,0.9307
1508,0.5064,0.6424,0.7595
1509,0.8619,0.9216,0.9736
1510,0.8863,0.9366,0.9628
1511,0.5699,0.6994,0.7822
1512,0.845,0.9111,0.9667
1513,0.7816,0.8675,0.9302
1514,0.8327,0.9005,0.962
1515,0.8644,0.9211,0.9677
1516,0.6408,0.7665,0.8683
1517,0.5979,0.7252,0.7631
1518,0.7702,0.8592,0.9186
1519,0.8303,0.8996,0.9499
1520,0.7998,0.8824,0.9562
1521,0.7354,0.8205,0.92
1522,0.8234,0.8906,0.9587
1523,0.649,0.7643,0.839
1524,0.8334,0.9026,0.9468
1525,0.8728,0.9279,0.9589
1526,0.6212,0.7473,0.8674
1527,0.7253,0.8252,0.8903
1528,0.7659,0.8633,0.8975
1529,0.8252,0.8983,0.9282
1530,0.8653,0.9219,0.9781
1531,0.7963,0.8788,0.9147
1532,0.5525,0.6957,0.8178
1533,0.8525,0.9151,0.9518
1534,0.8258,0.8961,0.9713
1535,0.8532,0.9161,0.9478
1536,0.8258,0.8957,0.9429
1537,0.7747,0.8599,0.9386
1538,0.85,0.9142,0.967
1539,0.8508,0.9156,0.9498
1540,0.7766,0.862,0.9333
1541,0.7286,0.8303,0.9641
1542,0.8498,0.9139,0.9739
1543,0.8433,0.9095,0.9534
1544,0.8331,0.9017,0.953
1545,0.8017,0.8803,0.9371
1546,0.8185,0.8909,0.9547
1547,0.8607,0.9197,0.9637
1548,0.8695,0.9246,0.9646
1549,0.7939,0.8776,0.9236
1550,0.8759,0.93,0.9673
1551,0.8089,0.8861,0.9494
1552,0.8429,0.9089,0.9628
1553,0.8376,0.9051,0.9523
1554,0.8009,0.881,0.9218
1555,0.7797,0.8666,0.9116
1556,0.8275,0.8993,0.9468
1557,0.806,0.8827,0.9337
1558,0.5654,0.7002,0.7697
1559,0.7637,0.8531,0.955
1560,0.8061,0.8844,0.9345
1561,0.7996,0.8824,0.9457
1562,0.8148,0.8919,0.9431
1563,0.7097,0.8123,0.8843
1564,0.7984,0.8828,0.9217
1565,0.8323,0.9023,0.9393
1566,0.7853,0.8663,0.9275
1567,0.6858,0.7949,0.8727
1568,0.7845,0.8686,0.9224
1569,0.8194,0.8941,0.942
1570,0.7783,0.8634,0.9484
1571,0.7785,0.8677,0.9043
1572,0.7381,0.8282,0.9117
1573,0.8212,0.8926,0.9498
1574,0.7596,0.8519,0.895
1575,0.7615,0.8515,0.923
1576,0.7807,0.8669,0.9302
1577,0.8767,0.9304,0.9688
1578,0.5242,0.6784,0.7385
1579,0.7882,0.8733,0.9236
1580,0.7522,0.845,0.9211
1581,0.8146,0.8918,0.939
1582,0.7532,0.8453,0.9507
1583,0.8118,0.8854,0.9387
1584,0.7387,0.8192,0.9328
1585,0.6374,0.7539,0.8458
1586,0.754,0.8456,0.928
1587,0.7361,0.8285,0.9186
1588,0.7697,0.8526,0.9501
1589,0.7778,0.864,0.9489
1590,0.7625,0.8565,0.9465
1591,0.7321,0.8334,0.8708
1592,0.7704,0.8599,0.905
1593,0.6507,0.7734,0.8409
1594,0.8027,0.8821,0.921
1595,0.8026,0.8817,0.9319
1596,0.7842,0.8659,0.947
1597,0.7306,0.8316,0.9125
1598,0.8675,0.9242,0.9621
1599,0.7622,0.8537,0.9003
1600,0.6859,0.801,0.8777
1601,0.4442,0.6006,0.6971
1602,0.8315,0.9029,0.9374
1603,0.8198,0.8925,0.9518
1604,0.6066,0.7455,0.7914
1605,0.8752,0.9292,0.9613
1606,0.6341,0.7517,0.8679
1607,0.7994,0.8803,0.9248
1608,0.7428,0.8431,0.9178
1609,0.7122,0.8195,0.8865
1610,0.6824,0.7954,0.8618
1611,0.7968,0.8813,0.9067
1612,0.7566,0.8463,0.9083
1613,0.7673,0.855,0.9096
1614,0.7494,0.8459,0.8864
1615,0.7321,0.8378,0.8729
1616,0.7481,0.8484,0.8791
1617,0.8286,0.8972,0.9648
1618,0.5432,0.6754,0.7549
1619,0.837,0.9045,0.9553
1620,0.8714,0.9273,0.9562
1621,0.7148,0.8194,0.8738
1622,0.7291,0.8304,0.8903
1623,0.6576,0.7852,0.8515
1624,0.8636,0.9219,0.9569
1625,0.7464,0.8446,0.8901
1626,0.7418,0.8392,0.9202
1627,0.853,0.9163,0.946
1628,0.7536,0.8456,0.9119
1629,0.6885,0.7974,0.8633
1630,0.8024,0.8834,0.9104
1631,0.675,0.7991,0.8258
1632,0.7595,0.8445,0.9243
1633,0.7535,0.8502,0.8979
1634,0.7687,0.8578,0.938
1635,0.7373,0.836,0.8842
1636,0.7936,0.8695,0.9441
1637,0.6975,0.81,0.8684
1638,0.6244,0.7467,0.9146
1639,0.7026,0.8044,0.8882
1640,0.7795,0.8674,0.9167
1641,0.7843,0.8659,0.9253
1642,0.7571,0.8452,0.9146
1643,0.739,0.8275,0.9252
1644,0.6721,0.7865,0.8569
1645,0.8463,0.9092,0.9547
1646,0.6965,0.8077,0.864
1647,0.6359,0.7596,0.8924
1648,0.6057,0.742,0.7924
1649,0.7901,0.872,0.9313
1650,0.7309,0.8294,0.9026
1651,0.7935,0.8692,0.9479
1652,0.763,0.8547,0.9345
1653,0.8076,0.8837,0.9307
1654,0.8198,0.8929,0.9508
1655,0.693,0.8083,0.8605
1656,0.6666,0.7792,0.8373
1657,0.7846,0.8689,0.9227
1658,0.6834,0.7883,0.8565
1659,0.7793,0.8652,0.9086
1660,0.5983,0.7213,0.8279
1661,0.82,0.8942,0.9363
1662,0.8395,0.9067,0.9471
1663,0.7724,0.8605,0.9139
1664,0.7609,0.8523,0.898
1665,0.6948,0.8094,0.8334
1666,0.8046,0.8819,0.9297
1667,0.689,0.8071,0.8578
1668,0.7835,0.8677,0.9133
1669,0.7205,0.8274,0.8552
1670,0.7571,0.8483,0.915
1671,0.7931,0.8728,0.9454
1672,0.8466,0.9101,0.9522
1673,0.7207,0.8284,0.8735
1674,0.8444,0.9083,0.9557
1675,0.7652,0.8551,0.9478
1676,0.6339,0.7677,0.8027
1677,0.7974,0.8819,0.9377
1678,0.8691,0.9256,0.9579
1679,0.7773,0.8585,0.9319
1680,0.8511,0.914,0.9579
1681,0.7348,0.8376,0.8701
1682,0.8149,0.889,0.9393
1683,0.8191,0.8894,0.9561
1684,0.8206,0.8929,0.9578
1685,0.8214,0.8932,0.9641
1686,0.72,0.8099,0.911
1687,0.5411,0.6569,0.7882
1688,0.7369,0.8314,0.9055
1689,0.7103,0.8156,0.8683
1690,0.152,0.2088,0.4559
1691,0.6427,0.7621,0.8474
1692,0.7849,0.8706,0.908
1693,0.817,0.8894,0.9421
1694,0.7392,0.8389,0.9022
1695,0.6784,0.7947,0.8818
1696,0.8256,0.8975,0.9404
1697,0.698,0.8107,0.8709
1698,0.557,0.6968,0.7593
1699,0.8074,0.8814,0.9479
1700,0.5356,0.6752,0.8062
1701,0.8261,0.8964,0.9418
1702,0.4478,0.603,0.6802
1703,0.8981,0.944,0.9826
1704,0.7627,0.8571,0.8914
1705,0.7377,0.8372,0.879
1706,0.7018,0.8044,0.8898
1707,0.8369,0.905,0.9545
1708,0.7233,0.8233,0.9406
1709,0.8291,0.8992,0.9512
1710,0.7857,0.8683,0.9539
1711,0.815,0.8911,0.9474
1712,0.8419,0.9079,0.9554
1713,0.8461,0.9114,0.9412
1714,0.7262,0.8272,0.8959
1715,0.6973,0.8096,0.8691
1716,0.8724,0.9288,0.9822
1717,0.8399,0.9073,0.9512
1718,0.7675,0.8587,0.9023
1719,0.8178,0.8914,0.9447
1720,0.8477,0.9117,0.9504
1721,0.6766,0.7898,0.8896
1722,0.5173,0.6722,0.7352
1723,0.5643,0.6985,0.782
1724,0.7838,0.8696,0.9139
1725,0.7422,0.8285,0.9348
1726,0.8038,0.8834,0.9465
1727,0.8332,0.904,0.9709
1728,0.8408,0.9064,0.9479
1729,0.8069,0.8846,0.9329
1730,0.8317,0.9007,0.9546
1731,0.6292,0.7465,0.8822
1732,0.6353,0.7607,0.8334
1733,0.7627,0.857,0.8952
1734,0.6605,0.7768,0.8964
1735,0.829,0.8986,0.9509
1736,0.769,0.8524,0.9231
1737,0.4734,0.6237,0.6917
1738,0.5827,0.6855,0.899
1739,0.4408,0.5862,0.7366
1740,0.4783,0.6261,0.7256
1741,0.5294,0.6567,0.7766
1742,0.6799,0.7999,0.8594
1743,0.6963,0.8048,0.8748
1744,0.7183,0.8197,0.8813
1745,0.759,0.849,0.9442
1746,0.7222,0.824,0.8998
1747,0.663,0.7838,0.8269
1748,0.8873,0.9372,0.9769
1749,0.73,0.8266,0.8961
1750,0.4497,0.6011,0.7033
1751,0.5749,0.6858,0.8118
1752,0.7563,0.8461,0.9138
1753,0.7616,0.8536,0.9009
1754,0.8215,0.893,0.9489
1755,0.451,0.5679,0.7914
1756,0.8144,0.8887,0.9464
1757,0.7592,0.8472,0.9165
1758,0.8592,0.9196,0.9699
1759,0.6913,0.7931,0.8721
1760,0.5105,0.6372,0.8307
1761,0.8274,0.8993,0.9348
1762,0.8092,0.8848,0.963
1763,0.637,0.7558,0.8537
1764,0.6659,0.7739,0.8466
1765,0.8806,0.9331,0.988
1766,0.2969,0.4431,0.5236
1767,0.7132,0.8187,0.8959
1768,0.7738,0.8622,0.9137
1769,0.7799,0.8653,0.9232
1770,0.7612,0.8538,0.912
1771,0.852,0.9143,0.9511
1772,0.8659,0.9225,0.9628
1773,0.865,0.9227,0.9742
1774,0.7507,0.8465,0.9515
1775,0.6285,0.7601,0.855
1776,0.5803,0.7187,0.7786
1777,0.8097,0.8882,0.9521
1778,0.744,0.8373,0.8981
1779,0.7827,0.8634,0.9756
1780,0.7441,0.8368,0.9114
1781,0.6357,0.7632,0.7993
1782,0.6753,0.7893,0.8452
1783,0.7535,0.8451,0.9105
1784,0.6923,0.7927,0.8862
1785,0.7287,0.828,0.8872
1786,0.5768,0.6997,0.8275
1787,0.7589,0.8494,0.9081
1788,0.6643,0.7503,0.897
1789,0.5769,0.6935,0.8988
1790,0.604,0.7311,0.8171
1791,0.8126,0.8905,0.9601
1792,0.5625,0.6913,0.8444
1793,0.8097,0.8853,0.9314
1794,0.8399,0.9043,0.9711
1795,0.7596,0.8505,0.9661
1796,0.7827,0.8679,0.9131
1797,0.7903,0.873,0.9435
1798,0.8803,0.9325,0.9843
1799,0.8415,0.9093,0.9771
1800,0.8094,0.886,0.9643
1801,0.8285,0.8978,0.9463
1802,0.8781,0.9307,0.9652
1803,0.6423,0.7561,0.8535
1804,0.7732,0.8606,0.9263
1805,0.8663,0.9237,0.9744
1806,0.8333,0.9025,0.9434
1807,0.3705,0.4656,0.8076
1808,0.7226,0.8269,0.8844
1809,0.6707,0.7908,0.8538
1810,0.788,0.8651,0.9504
1811,0.827,0.8982,0.9404
1812,0.5023,0.649,0.7244
1813,0.8194,0.8932,0.9543
1814,0.4411,0.5977,0.6929
1815,0.6763,0.7754,0.8423
1816,0.5903,0.7144,0.8893
1817,0.823,0.8929,0.9606
1818,0.849,0.9133,0.977
1819,0.8788,0.9313,0.9741
1820,0.8533,0.9151,0.9811
1821,0.8596,0.9191,0.959
1822,0.6044,0.7252,0.8219
1823,0.8503,0.9132,0.9498
1824,0.6286,0.7363,0.86
1825,0.8379,0.9047,0.9648
1826,0.7788,0.8636,0.926
1827,0.7249,0.8296,0.8771
1828,0.7678,0.8564,0.9045
1829,0.644,0.7589,0.8559
1830,0.7207,0.8236,0.9128
1831,0.7956,0.8781,0.9539
1832,0.7698,0.858,0.9202
1833,0.8229,0.8925,0.9562
1834,0.6945,0.8071,0.9037
1835,0.6931,0.8008,0.8784
1836,0.8479,0.912,0.9552
1837,0.5718,0.6965,0.8043
1838,0.8544,0.9157,0.9554
1839,0.6799,0.7894,0.8792
1840,0.8095,0.8862,0.9372
1841,0.623,0.7383,0.8496
1842,0.7639,0.8485,0.9213
1843,0.8582,0.9178,0.9786
1844,0.823,0.8944,0.9438
1845,0.7104,0.8153,0.8908
1846,0.5191,0.6242,0.7959
1847,0.5523,0.6925,0.8008
1848,0.7406,0.8272,0.9267
1849,0.7753,0.8611,0.9293
1850,0.6608,0.771,0.8422
1851,0.7163,0.8139,0.8899
1852,0.7995,0.8788,0.9307
1853,0.8314,0.9001,0.9523
1854,0.7625,0.8447,0.928
1855,0.7176,0.8203,0.8802
1856,0.6702,0.788,0.8666
1857,0.7559,0.8432,0.9243
1858,0.0083,0.0161,0.0248
1859,0.7788,0.8705,0.8957
1860,0.7967,0.874,0.9383
1861,0.6608,0.789,0.8369
1862,0.3335,0.3843,0.876
1863,0.6322,0.7509,0.8442
1864,0.8492,0.9125,0.9638
1865,0.7774,0.8631,0.9603
1866,0.697,0.8051,0.8681
1867,0.7828,0.8651,0.9209
1868,0.7478,0.8332,0.931
1869,0.6867,0.8078,0.8466
1870,0.8222,0.8946,0.9442
1871,0.7514,0.8403,0.9428
1872,0.6874,0.7971,0.8619
1873,0.731,0.83,0.8932
1874,0.7151,0.8183,0.8812
1875,0.8057,0.8796,0.9586
1876,0.785,0.8693,0.9143
1877,0.7968,0.8777,0.9211
1878,0.8339,0.9032,0.9592
1879,0.8442,0.9097,0.9481
1880,0.7049,0.8128,0.8776
1881,0.8185,0.8921,0.9349
1882,0.8195,0.8923,0.9449
1883,0.8112,0.8854,0.9502
1884,0.7223,0.8186,0.9034
1885,0.7537,0.8428,0.9248
1886,0.8102,0.888,0.956
1887,0.8696,0.9264,0.9682
1888,0.8031,0.8811,0.937
1889,0.7572,0.8514,0.909
1890,0.8315,0.8996,0.9473
1891,0.7919,0.8727,0.939
1892,0.8044,0.8823,0.9639
1893,0.8017,0.8816,0.9481
1894,0.8176,0.893,0.9468
1895,0.7897,0.8718,0.9248
1896,0.5916,0.7247,0.7964
1897,0.8235,0.8924,0.9542
1898,0.7397,0.835,0.9064
1899,0.8642,0.9234,0.9656
1900,0.8572,0.9169,0.9584
1901,0.8385,0.9033,0.9554
1902,0.7749,0.8599,0.9237
1903,0.8615,0.9196,0.9603
1904,0.6169,0.732,0.9696
1905,0.7866,0.87,0.9212
1906,0.6984,0.7961,0.8967
1907,0.7976,0.8743,0.9508
1908,0.8182,0.891,0.97
1909,0.5683,0.6954,0.7975
1910,0.7299,0.8286,0.893
1911,0.8016,0.8777,0.9361
1912,0.5433,0.6737,0.8304
1913,0.6967,0.8037,0.8768
1914,0.8725,0.9261,0.9703
1915,0.6016,0.7416,0.7819
1916,0.8049,0.8796,0.9417
1917,0.8079,0.8843,0.9667
1918,0.739,0.8386,0.8773
1919,0.8324,0.9007,0.9446
1920,0.7443,0.834,0.9103
1921,0.8379,0.9062,0.9796
1922,0.8585,0.9206,0.9833
1923,0.6333,0.7529,0.8693
1924,0.6229,0.7468,0.9193
1925,0.8584,0.9191,0.9606
1926,0.6706,0.7917,0.8936
1927,0.793,0.8726,0.9386
1928,0.8349,0.9048,0.9791
1929,0.6791,0.7836,0.8729
1930,0.763,0.8442,0.9316
1931,0.7691,0.8578,0.9482
1932,0.8553,0.9183,0.9616
1933,0.8338,0.9024,0.9597
1934,0.8088,0.8854,0.936
1935,0.7276,0.8274,0.9171
1936,0.8125,0.889,0.9544
1937,0.6243,0.7492,0.8428
1938,0.8903,0.9392,0.9733
1939,0.8258,0.8965,0.9442
1940,0.8021,0.8846,0.9133
1941,0.8039,0.8848,0.9146
1942,0.8316,0.9008,0.9502
1943,0.7153,0.8195,0.8997
1944,0.6883,0.8002,0.9384
1945,0.6967,0.8023,0.8776
1946,0.7406,0.8369,0.9163
1947,0.7924,0.8687,0.9421
1948,0.823,0.8968,0.9737
1949,0.7715,0.8616,0.9006
1950,0.6822,0.7895,0.8666
1951,0.807,0.8859,0.9626
1952,0.7595,0.8537,0.8991
1953,0.693,0.7987,0.8842
1954,0.7682,0.8501,0.945
1955,0.7753,0.8638,0.9257
1956,0.6701,0.772,0.8452
1957,0.7983,0.8795,0.9575
1958,0.7886,0.8707,0.9595
1959,0.8082,0.8849,0.9629
1960,0.8148,0.8912,0.9279
1961,0.8494,0.9109,0.961
1962,0.8054,0.8849,0.9175
1963,0.679,0.7927,0.867
1964,0.8495,0.9127,0.9555
1965,0.7515,0.8496,0.8767
1966,0.6674,0.7778,0.8828
1967,0.7861,0.8687,0.923
1968,0.8036,0.8802,0.9344
1969,0.6753,0.7804,0.8813
1970,0.8309,0.8985,0.9504
1971,0.7562,0.8455,0.9153
1972,0.6462,0.7566,0.8112
1973,0.8497,0.9131,0.9726
1974,0.71,0.8133,0.9417
1975,0.8208,0.8938,0.9721
1976,0.8177,0.8916,0.9592
1977,0.7162,0.8189,0.882
1978,0.7615,0.8533,0.9555
1979,0.7754,0.8632,0.9329
1980,0.8204,0.894,0.9432
1981,0.5121,0.6632,0.7358
1982,0.4563,0.5797,0.7318
1983,0.6991,0.8006,0.8813
1984,0.7696,0.8635,0.9235
1985,0.7297,0.8249,0.9017
1986,0.5386,0.6636,0.8333
1987,0.8043,0.8833,0.9235
1988,0.7557,0.8454,0.9218
1989,0.6499,0.7754,0.8425
1990,0.6876,0.7933,0.8957
1991,0.8051,0.8827,0.9277
1992,0.8332,0.9018,0.9415
1993,0.5353,0.6829,0.7737
1994,0.7728,0.8579,0.9175
1995,0.8217,0.8947,0.9364
1996,0.6463,0.7802,0.8238
1997,0.7002,0.8031,0.9235
1998,0.8894,0.9386,0.9732
1999,0.7196,0.8233,0.8708
2000,0.863,0.922,0.9517
2001,0.8511,0.9146,0.9444
2002,0.8138,0.8869,0.9395
2003,0.7599,0.8462,0.9175
2004,0.8904,0.9387,0.9701
2005,0.1447,0.2369,0.2067
2006,0.7991,0.8797,0.9236
2007,0.8006,0.8762,0.9362
2008,0.837,0.902,0.958
2009,0.8249,0.8984,0.9287
2010,0.8392,0.9054,0.9471
2011,0.847,0.9108,0.9656
2012,0.7039,0.8143,0.8594
2013,0.7765,0.8638,0.9058
2014,0.7575,0.8532,0.8926
2015,0.734,0.831,0.8831
2016,0.7444,0.8412,0.8906
2017,0.8104,0.8869,0.9332
2018,0.7742,0.8621,0.9141
2019,0.7703,0.863,0.8994
2020,0.7617,0.8524,0.9315
2021,0.7185,0.813,0.9486
2022,0.8279,0.8995,0.9403
2023,0.7827,0.8694,0.9177
2024,0.8058,0.8837,0.9341
2025,0.762,0.8562,0.8898
2026,0.797,0.8777,0.9196
2027,0.8565,0.9165,0.9637
2028,0.7776,0.8661,0.9022
2029,0.7209,0.8214,0.946
2030,0.7278,0.8293,0.8963
2031,0.762,0.8502,0.9639
2032,0.808,0.8817,0.944
2033,0.4539,0.5795,0.8298
2034,0.8223,0.8956,0.975
2035,0.5258,0.6735,0.7758
2036,0.7216,0.8198,0.9052
2037,0.7603,0.8529,0.9163
2038,0.7941,0.8763,0.9229
2039,0.7157,0.8201,0.8866
2040,0.7485,0.8368,0.914
2041,0.6968,0.8061,0.8669
2042,0.8071,0.8861,0.9262
2043,0.6758,0.788,0.8379
2044,0.7811,0.8731,0.906
2045,0.8364,0.9043,0.9493
2046,0.7698,0.8611,0.9001
2047,0.7958,0.8768,0.923
2048,0.7991,0.8823,0.9196
2049,0.8324,0.9017,0.9603
2050,0.4128,0.5401,0.763
2051,0.5404,0.6809,0.8314
2052,0.8068,0.8849,0.9316
2053,0.7327,0.8207,0.9236
2054,0.8188,0.8929,0.9491
2055,0.8324,0.9028,0.9333
2056,0.7434,0.8409,0.8853
2057,0.6092,0.75,0.7879
2058,0.7708,0.8609,0.9026
2059,0.7891,0.8746,0.9091
2060,0.8233,0.8928,0.9464
2061,0.889,0.9384,0.9664
2062,0.7149,0.8161,0.8904
2063,0.7508,0.844,0.9053
2064,0.7,0.807,0.8661
2065,0.6507,0.7784,0.8145
2066,0.7673,0.8564,0.9275
2067,0.8081,0.8858,0.9385
2068,0.8254,0.8932,0.9565
2069,0.8666,0.9243,0.9531
2070,0.8651,0.9238,0.9694
2071,0.8066,0.8841,0.932
2072,0.8008,0.877,0.9474
2073,0.8026,0.8833,0.9471
2074,0.7858,0.8677,0.9506
2075,0.5169,0.6621,0.7656
2076,0.5398,0.6836,0.7509
2077,0.688,0.8052,0.8585
2078,0.7303,0.8319,0.8781
2079,0.8314,0.9001,0.9434
2080,0.8552,0.9175,0.9536
2081,0.4251,0.5335,0.8602
2082,0.583,0.7187,0.8022
2083,0.7872,0.8703,0.9346
2084,0.6885,0.8011,0.9351
2085,0.6473,0.7676,0.8873
2086,0.815,0.889,0.9355
2087,0.7868,0.8725,0.9079
2088,0.6015,0.7353,0.8267
2089,0.6421,0.7708,0.8494
2090,0.7466,0.85,0.8835
2091,0.7046,0.8146,0.9306
2092,0.7446,0.8328,0.9165
2093,0.6312,0.7597,0.888
2094,0.7106,0.8199,0.8907
2095,0.5693,0.7053,0.8328
2096,0.7446,0.8393,0.8985
2097,0.5183,0.6603,0.7686
2098,0.5442,0.6947,0.76
2099,0.41,0.5286,0.7982
2100,0.6628,0.7819,0.8665
2101,0.724,0.8237,0.9468
2102,0.5577,0.6913,0.8213
2103,0.6671,0.7869,0.8513
2104,0.8458,0.9125,0.9526
2105,0.7724,0.8639,0.9537
2106,0.6644,0.7956,0.8267
2107,0.5103,0.6308,0.8757
2108,0.6972,0.8076,0.9437
2109,0.6088,0.7502,0.7991
2110,0.4335,0.5549,0.8214
2111,0.7002,0.8049,0.889
2112,0.6772,0.7861,0.8966
2113,0.7037,0.81,0.9481
2114,0.8334,0.9033,0.9441
2115,0.6635,0.78,0.9045
2116,0.7819,0.8679,0.9061
2117,0.6266,0.7559,0.8569
2118,0.7125,0.8177,0.9624
2119,0.7803,0.8667,0.9726
2120,0.7121,0.8152,0.931
2121,0.7049,0.8101,0.9565
2122,0.4161,0.5122,0.868
2123,0.6907,0.8051,0.8557
2124,0.844,0.9109,0.9363
2125,0.8535,0.9176,0.9576
2126,0.8174,0.8904,0.9484
2127,0.516,0.6391,0.8798
2128,0.7678,0.8613,0.9343
2129,0.5671,0.7136,0.7808
2130,0.6102,0.7453,0.8309
2131,0.7456,0.8442,0.9188
2132,0.6701,0.789,0.8857
2133,0.7189,0.8264,0.9092
2134,0.8345,0.9027,0.9484
2135,0.7716,0.8662,0.9056
2136,0.7552,0.8504,0.9869
2137,0.6434,0.7602,0.8869
2138,0.4965,0.6478,0.7342
2139,0.7751,0.8659,0.9187
2140,0.6404,0.7688,0.8422
2141,0.6728,0.7873,0.8447
2142,0.697,0.8019,0.8813
2143,0.758,0.8527,0.9387
2144,0.7595,0.855,0.9285
2145,0.3407,0.4625,0.6807
2146,0.6962,0.8046,0.93
2147,0.825,0.898,0.9588
2148,0.819,0.8933,0.9578
2149,0.6591,0.7814,0.9
2150,0.5692,0.7106,0.7942
2151,0.4126,0.5454,0.745
2152,0.7503,0.8486,0.8922
2153,0.7645,0.8595,0.8958
2154,0.3689,0.4437,0.8839
2155,0.6141,0.7467,0.843
2156,0.623,0.7414,0.939
2157,0.6948,0.8024,0.9801
2158,0.8109,0.8867,0.9616
2159,0.5685,0.7069,0.8252
2160,0.734,0.8307,0.954
2161,0.5878,0.7271,0.8139
2162,0.7526,0.8478,0.9758
2163,0.8243,0.8986,0.9474
2164,0.8134,0.8917,0.923
2165,0.5034,0.6483,0.7834
2166,0.7072,0.8136,0.9448
2167,0.6612,0.7837,0.8927
2168,0.6426,0.7629,0.8398
2169,0.8225,0.8916,0.9515
2170,0.7908,0.8741,0.9357
2171,0.5821,0.7225,0.7601
2172,0.8492,0.9139,0.9421
2173,0.7459,0.8433,0.9664
2174,0.7096,0.8069,0.9459
2175,0.7505,0.8515,0.9006
2176,0.8313,0.8998,0.9586
2177,0.7958,0.8792,0.936
2178,0.6375,0.7626,0.8879
2179,0.7909,0.8737,0.9277
2180,0.8206,0.8967,0.9282
2181,0.7288,0.8214,0.9199
2182,0.814,0.8898,0.9286
2183,0.7831,0.8639,0.941
2184,0.8289,0.9,0.9408
2185,0.8031,0.8778,0.954
2186,0.5411,0.6782,0.7777
2187,0.6763,0.7742,0.8984
2188,0.8013,0.8759,0.9416
2189,0.8044,0.8826,0.9546
2190,0.8002,0.8774,0.9365
2191,0.7328,0.831,0.902
2192,0.7826,0.8692,0.9401
2193,0.8686,0.9249,0.9763
2194,0.7986,0.8788,0.9388
2195,0.819,0.8945,0.9695
2196,0.7625,0.855,0.9382
2197,0.7583,0.8502,0.9031
2198,0.8048,0.8781,0.9449
2199,0.6809,0.7947,0.9138
2200,0.7054,0.8154,0.9097
2201,0.779,0.8654,0.9423
2202,0.7142,0.8116,0.9159
2203,0.8162,0.8898,0.9433
2204,0.6932,0.7992,0.9337
2205,0.8801,0.931,0.9753
2206,0.753,0.8507,0.8864
2207,0.7584,0.8478,0.9172
2208,0.6923,0.8034,0.869
2209,0.8038,0.8823,0.927
2210,0.8766,0.9309,0.9567
2211,0.7709,0.8534,0.9259
2212,0.8387,0.9054,0.9524
2213,0.7784,0.8642,0.9252
2214,0.4154,0.567,0.6721
2215,0.8032,0.8807,0.9457
2216,0.8313,0.9008,0.9507
2217,0.7059,0.8067,0.9255
2218,0.6679,0.7815,0.8499
2219,0.8532,0.9167,0.9554
2220,0.7812,0.8678,0.9484
2221,0.8349,0.9031,0.9597
2222,0.8903,0.9377,0.9761
2223,0.8461,0.91,0.9666
2224,0.8299,0.9008,0.9539
2225,0.8311,0.9006,0.9421
2226,0.8973,0.9437,0.9822
2227,0.8774,0.9315,0.9707
2228,0.8406,0.9076,0.9565
2229,0.8561,0.916,0.9615
2230,0.6888,0.7994,0.8718
2231,0.8889,0.9376,0.9811
2232,0.6441,0.7714,0.8375
2233,0.8361,0.9044,0.9691
2234,0.6279,0.76,0.8236
2235,0.7238,0.8245,0.9097
2236,0.5566,0.6993,0.7852
2237,0.807,0.8841,0.9298
2238,0.877,0.9308,0.9612
2239,0.8307,0.9019,0.9686
2240,0.7945,0.8769,0.931
2241,0.7282,0.8341,0.8685
2242,0.8507,0.9119,0.9601
2243,0.8744,0.9296,0.9733
2244,0.8229,0.8941,0.9484
2245,0.7356,0.8277,0.9277
2246,0.758,0.8515,0.8973
2247,0.8504,0.9134,0.9625
2248,0.8611,0.9191,0.9679
2249,0.8427,0.9083,0.9591
2250,0.9002,0.9439,0.9816
2251,0.8735,0.9269,0.9681
2252,0.7404,0.8305,0.9035
2253,0.8098,0.8863,0.9421
2254,0.8337,0.9014,0.9568
2255,0.8847,0.9354,0.9728
2256,0.7676,0.8498,0.9265
2257,0.7257,0.8135,0.9063
2258,0.8106,0.8852,0.9359
2259,0.7825,0.8663,0.9177
2260,0.849,0.9106,0.9588
2261,0.8024,0.8827,0.916
2262,0.8048,0.8838,0.9406
2263,0.8784,0.9308,0.9667
2264,0.7969,0.8778,0.9197
2265,0.8262,0.8978,0.9376
2266,0.7976,0.8793,0.9156
2267,0.7692,0.8581,0.9227
2268,0.4826,0.6176,0.8261
2269,0.8347,0.9039,0.9517
2270,0.8379,0.906,0.9602
2271,0.6786,0.7958,0.9017
2272,0.8509,0.915,0.9789
2273,0.9051,0.9476,0.9798
2274,0.8042,0.8835,0.9357
2275,0.6949,0.8147,0.8711
2276,0.8035,0.8824,0.9229
2277,0.8134,0.8897,0.9311
2278,0.7241,0.8239,0.9147
2279,0.8839,0.9352,0.9688
2280,0.8471,0.9089,0.968
2281,0.5427,0.6685,0.7751
2282,0.7237,0.8236,0.8879
2283,0.7487,0.8387,0.9346
2284,0.8405,0.9079,0.9385
2285,0.5687,0.7113,0.7863
2286,0.8244,0.895,0.9708
2287,0.8068,0.8868,0.9211
2288,0.8484,0.9118,0.9532
2289,0.8773,0.9301,0.9691
2290,0.3917,0.5507,0.6298
2291,0.7567,0.8581,0.8901
2292,0.1837,0.2369,0.5511
2293,0.5924,0.7229,0.8028
2294,0.8498,0.9126,0.9516
2295,0.8341,0.9033,0.9387
2296,0.8184,0.8907,0.9482
2297,0.7171,0.827,0.8706
2298,0.8158,0.891,0.934
2299,0.8442,0.9099,0.9482
2300,0.7055,0.8178,0.8957
2301,0.8491,0.9121,0.9566
2302,0.1495,0.2066,0.0856
2303,0.6012,0.7373,0.8106
2304,0.8086,0.883,0.9457
2305,0.8101,0.8878,0.9442
2306,0.6317,0.7593,0.8163
2307,0.8733,0.9284,0.9584
2308,0.1998,0.2498,0.1089
2309,0.6209,0.7547,0.8257
2310,0.4084,0.5603,0.6662
2311,0.8081,0.8844,0.9621
2312,0.8265,0.8985,0.9359
2313,0.6187,0.7336,0.9332
2314,0.7888,0.8756,0.9246
2315,0.4485,0.6044,0.6802
2316,0.6081,0.7303,0.8435
2317,0.6889,0.7935,0.8902
2318,0.8632,0.9211,0.9693
2319,0.7833,0.8613,0.9443
2320,0.6351,0.7504,0.8727
2321,0.8206,0.8935,0.9373
2322,0.4589,0.613,0.6994
2323,0.5279,0.6664,0.8254
2324,0.3817,0.528,0.642
2325,0.7215,0.8258,0.8732
2326,0.6506,0.7788,0.7975
2327,0.8287,0.8974,0.9473
2328,0.6337,0.7422,0.9095
2329,0.5503,0.6721,0.7697
2330,0.709,0.8176,0.8665
2331,0.8179,0.8908,0.9346
2332,0.5308,0.6808,0.75
2333,0.7472,0.8444,0.8946
2334,0.8165,0.8899,0.9385
2335,0.8605,0.9199,0.9545
2336,0.7861,0.8703,0.9141
2337,0.5332,0.66,0.8726
2338,0.8198,0.8923,0.9364
2339,0.8207,0.8939,0.9324
2340,0.862,0.9207,0.9553
2341,0.7486,0.8365,0.939
2342,0.399,0.565,0.6136
2343,0.8336,0.9008,0.9487
2344,0.8484,0.9122,0.9479
2345,0.8025,0.8759,0.947
2346,0.7311,0.832,0.8887
2347,0.6083,0.7484,0.7875
2348,0.7871,0.8694,0.9213
2349,0.7954,0.876,0.918
2350,0.8115,0.8879,0.929
2351,0.7836,0.8669,0.9265
2352,0.8063,0.8841,0.9241
2353,0.7187,0.8269,0.8992
2354,0.7573,0.8429,0.921
2355,0.8281,0.8991,0.9355
2356,0.425,0.5799,0.6546
2357,0.8316,0.8983,0.9578
2358,0.8135,0.8865,0.9431
2359,0.6828,0.796,0.8785
2360,0.8387,0.9061,0.954
2361,0.8662,0.9231,0.9595
2362,0.657,0.7718,0.8524
2363,0.7833,0.8705,0.9091
2364,0.7776,0.8595,0.9286
2365,0.6008,0.7305,0.8473
2366,0.8016,0.8762,0.9454
2367,0.5933,0.7322,0.812
2368,0.7782,0.8629,0.9172
2369,0.8607,0.9213,0.9454
2370,0.5217,0.6758,0.7289
2371,0.7601,0.8444,0.9276
2372,0.7726,0.8604,0.9205
2373,0.841,0.9071,0.9507
2374,0.7732,0.8656,0.9046
2375,0.7076,0.8065,0.881
2376,0.8016,0.8803,0.9254
2377,0.7027,0.8044,0.8715
2378,0.4105,0.5723,0.6303
2379,0.8227,0.8974,0.937
2380,0.7101,0.8119,0.9077
2381,0.8063,0.8781,0.9504
2382,0.6746,0.7873,0.8621
2383,0.7259,0.8242,0.9094
2384,0.7509,0.835,0.9329
2385,0.7532,0.8412,0.9107
2386,0.7049,0.8084,0.8712
2387,0.5124,0.6273,0.7747
2388,0.5623,0.6807,0.8057
2389,0.6233,0.7338,0.8381
2390,0.5826,0.7121,0.8077
2391,0.6473,0.7705,0.8211
2392,0.851,0.9147,0.9756
2393,0.7345,0.8399,0.874
2394,0.5923,0.7109,0.8607
2395,0.6341,0.7667,0.8457
2396,0.8246,0.8943,0.9643
2397,0.8619,0.9208,0.9555
2398,0.7204,0.8114,0.9055
2399,0.81,0.8854,0.9442
2400,0.827,0.897,0.9565
2401,0.6918,0.805,0.8566
2402,0.6918,0.8006,0.8536
2403,0.7906,0.8728,0.9261
2404,0.7248,0.8319,0.8673
2405,0.7322,0.8343,0.9059
2406,0.842,0.906,0.9578
2407,0.843,0.9083,0.9592
2408,0.661,0.7851,0.8669
2409,0.7484,0.8427,0.9156
2410,0.6051,0.7454,0.799
2411,0.6199,0.7485,0.8657
2412,0.7465,0.8454,0.905
2413,0.7756,0.8645,0.9188
2414,0.7718,0.8528,0.931
2415,0.83,0.9002,0.9371
2416,0.7762,0.8622,0.9335
2417,0.8754,0.9295,0.9717
2418,0.8022,0.8827,0.9185
2419,0.8209,0.8941,0.9404
2420,0.8068,0.8849,0.9445
2421,0.8041,0.8808,0.9327
2422,0.7794,0.8664,0.9272
2423,0.839,0.9044,0.9566
2424,0.5274,0.6787,0.7417
2425,0.8355,0.9025,0.9449
2426,0.7407,0.8433,0.8925
2427,0.8516,0.9137,0.9821
2428,0.755,0.8404,0.9225
2429,0.7534,0.8422,0.9345
2430,0.7193,0.8122,0.9064
2431,0.8155,0.8893,0.9348
2432,0.4191,0.5235,0.8545
2433,0.7237,0.8254,0.8865
2434,0.6842,0.7926,0.8591
2435,0.6523,0.7657,0.8567
2436,0.7163,0.8161,0.8831
2437,0.7782,0.862,0.959
2438,0.7873,0.8707,0.9214
2439,0.731,0.8261,0.8987
2440,0.6908,0.7946,0.8788
2441,0.744,0.8355,0.9313
2442,0.7212,0.818,0.9293
2443,0.8582,0.9184,0.9579
2444,0.6163,0.7466,0.8174
2445,0.5107,0.6477,0.788
2446,0.691,0.8042,0.8596
2447,0.677,0.7851,0.8811
2448,0.6767,0.7878,0.8702
2449,0.8085,0.8829,0.959
2450,0.3879,0.5251,0.629
2451,0.7776,0.8632,0.9244
2452,0.785,0.8715,0.9315
2453,0.8333,0.9025,0.9608
2454,0.6301,0.7529,0.8213
2455,0.7808,0.8663,0.9631
2456,0.8621,0.9209,0.9573
2457,0.7237,0.8191,0.9019
2458,0.7331,0.8333,0.9424
2459,0.8238,0.897,0.9785
2460,0.7522,0.8493,0.9062
2461,0.8212,0.8924,0.944
2462,0.7006,0.8048,0.9445
2463,0.7738,0.8547,0.9296
2464,0.7777,0.8636,0.9209
2465,0.6329,0.7409,0.9066
2466,0.8523,0.9157,0.9481
2467,0.7122,0.81,0.9393
2468,0.586,0.7066,0.9437
2469,0.7286,0.8246,0.906
2470,0.701,0.8058,0.9018
2471,0.6641,0.7811,0.9078
2472,0.8678,0.9251,0.9559
2473,0.4795,0.6242,0.7162
2474,0.5619,0.6852,0.8752
2475,0.8174,0.8904,0.937
2476,0.8386,0.9066,0.9673
2477,0.7466,0.8397,0.9802
2478,0.6978,0.8047,0.874
2479,0.8318,0.9035,0.949
2480,0.8076,0.8841,0.9635
2481,0.7553,0.85,0.8969
2482,0.6118,0.7406,0.8102
2483,0.8191,0.8946,0.9418
2484,0.6596,0.7788,0.8486
2485,0.779,0.8645,0.9261
2486,0.6466,0.7618,0.862
2487,0.7822,0.8682,0.9196
2488,0.7765,0.8659,0.9286
2489,0.6131,0.7441,0.8228
2490,0.8172,0.8885,0.9535
2491,0.764,0.8511,0.9436
2492,0.8393,0.9062,0.9507
2493,0.7604,0.8502,0.9199
2494,0.7787,0.8681,0.9444
2495,0.6959,0.8023,0.8707
2496,0.7501,0.8495,0.8847
2497,0.8587,0.9198,0.9496
2498,0.6011,0.7354,0.8115
2499,0.6877,0.7885,0.8824
2500,0.5664,0.7178,0.7407
2501,0.8162,0.8925,0.9693
2502,0.7201,0.8151,0.9321
2503,0.5813,0.7037,0.8118
2504,0.7856,0.8719,0.914
2505,0.8226,0.897,0.9242
2506,0.658,0.78,0.8995
2507,0.8566,0.9184,0.9495
2508,0.8092,0.889,0.9417
2509,0.8051,0.8837,0.9337
2510,0.8,0.883,0.9496
2511,0.8289,0.9026,0.9535
2512,0.8263,0.8981,0.9707
2513,0.6873,0.7995,0.8896
2514,0.7723,0.8608,0.9509
2515,0.7281,0.8385,0.8748
2516,0.6144,0.7391,0.9035
2517,0.7408,0.8372,0.9277
2518,0.8192,0.8943,0.9272
2519,0.6828,0.7918,0.8816
2520,0.7837,0.8692,0.9034
2521,0.6648,0.7745,0.8688
2522,0.7945,0.8729,0.9422
2523,0.8774,0.931,0.9586
2524,0.7908,0.8746,0.9084
2525,0.6794,0.8005,0.8502
2526,0.5275,0.6827,0.7178
2527,0.6283,0.7509,0.8323
2528,0.7842,0.8696,0.9048
2529,0.8695,0.927,0.9497
2530,0.7764,0.8654,0.9034
2531,0.7794,0.8629,0.9371
2532,0.8028,0.8836,0.9214
2533,0.8088,0.8843,0.9512
2534,0.8838,0.933,0.9796
2535,0.5783,0.709,0.8441
2536,0.7446,0.8349,0.9223
2537,0.8029,0.8826,0.9566
2538,0.8229,0.8967,0.9368
2539,0.884,0.9339,0.9734
2540,0.8391,0.9045,0.9594
2541,0.7751,0.8612,0.9202
2542,0.5083,0.6442,0.7874
2543,0.8501,0.9115,0.9586
2544,0.782,0.8679,0.9263
2545,0.527,0.6657,0.7812
2546,0.6228,0.7403,0.9547
2547,0.8562,0.9156,0.962
2548,0.7788,0.859,0.9438
2549,0.8091,0.8871,0.944
2550,0.6922,0.8128,0.8502
2551,0.8407,0.9069,0.9501
2552,0.5972,0.7217,0.8208
2553,0.5209,0.6416,0.8774
2554,0.8283,0.9002,0.9318
2555,0.7104,0.8094,0.951
2556,0.795,0.8754,0.939
2557,0.8436,0.9072,0.9532
2558,0.7103,0.8123,0.8821
2559,0.8325,0.9026,0.969
2560,0.7257,0.8233,0.9093
2561,0.7889,0.8741,0.9573
2562,0.826,0.8946,0.9493
2563,0.8674,0.9242,0.9755
2564,0.7217,0.8171,0.9062
2565,0.8201,0.894,0.9299
2566,0.806,0.8826,0.9584
2567,0.8383,0.9055,0.9442
2568,0.7776,0.8602,0.9691
2569,0.7801,0.864,0.9243
2570,0.7725,0.8629,0.9326
2571,0.8562,0.9178,0.9736
2572,0.7763,0.8646,0.9665
2573,0.7405,0.838,0.911
2574,0.7771,0.8638,0.9153
2575,0.6578,0.7737,0.8479
2576,0.8657,0.922,0.9648
2577,0.8411,0.9041,0.9647
2578,0.7226,0.8212,0.9022
2579,0.7503,0.8393,0.9224
2580,0.6942,0.8039,0.9449
2581,0.7233,0.8301,0.9084
2582,0.8524,0.9144,0.9518
2583,0.7961,0.8748,0.9297
2584,0.8602,0.9196,0.9539
2585,0.7947,0.8756,0.9254
2586,0.6157,0.7427,0.8075
2587,0.7747,0.8606,0.9201
2588,0.7746,0.8646,0.9194
2589,0.7509,0.8439,0.93
2590,0.6722,0.7822,0.8651
2591,0.6909,0.7968,0.9208
2592,0.7939,0.872,0.948
2593,0.7236,0.827,0.8906
2594,0.8702,0.9247,0.9694
2595,0.7282,0.8232,0.8749
2596,0.7713,0.8573,0.9141
2597,0.5584,0.6882,0.794
2598,0.4392,0.5963,0.6856
2599,0.8412,0.9064,0.953
2600,0.7623,0.8553,0.899
2601,0.8422,0.908,0.9448
2602,0.7932,0.8733,0.9459
2603,0.8312,0.8991,0.9559
2604,0.7973,0.8788,0.9268
2605,0.5417,0.6914,0.7599
2606,0.7218,0.8347,0.8653
2607,0.8114,0.8855,0.9408
2608,0.6709,0.7908,0.8505
2609,0.6416,0.767,0.8359
2610,0.8624,0.9216,0.9565
2611,0.8155,0.891,0.936
2612,0.8657,0.9239,0.9636
2613,0.8172,0.8889,0.9454
2614,0.8217,0.893,0.9408
2615,0.6686,0.7776,0.8421
2616,0.6746,0.7936,0.8458
2617,0.6994,0.8125,0.8628
2618,0.7278,0.8285,0.8885
2619,0.8434,0.9092,0.9438
2620,0.869,0.9251,0.9683
2621,0.8455,0.9115,0.946
2622,0.5857,0.698,0.8954
2623,0.8016,0.8837,0.9272
2624,0.5652,0.7184,0.7535
2625,0.7712,0.8634,0.9175
2626,0.4689,0.6152,0.7541
2627,0.8345,0.9024,0.9573
2628,0.8008,0.881,0.9274
2629,0.8171,0.891,0.9382
2630,0.4008,0.5717,0.5675
2631,0.8882,0.9375,0.968
2632,0.8453,0.9104,0.945
2633,0.595,0.7341,0.773
2634,0.7477,0.8404,0.9087
2635,0.6929,0.8019,0.8636
2636,0.8078,0.8844,0.9316
2637,0.8053,0.8855,0.9211
2638,0.7332,0.8333,0.8835
2639,0.8003,0.8768,0.9393
2640,0.8518,0.9138,0.9538
2641,0.7279,0.8286,0.8907
2642,0.5702,0.7207,0.751
2643,0.5239,0.675,0.741
2644,0.6475,0.7707,0.8575
2645,0.7628,0.8492,0.9218
2646,0.8445,0.9092,0.9498
2647,0.6049,0.7453,0.8056
2648,0.8797,0.9327,0.9649
2649,0.5343,0.6673,0.8642
2650,0.8105,0.8858,0.9341
2651,0.5842,0.7118,0.8178
2652,0.8519,0.9148,0.9483
2653,0.8109,0.8876,0.9344
2654,0.8478,0.9116,0.9496
2655,0.7827,0.8707,0.9127
2656,0.8373,0.9051,0.9512
2657,0.614,0.7501,0.8079
2658,0.7408,0.8376,0.8909
2659,0.5811,0.7178,0.7803
2660,0.6813,0.8024,0.855
2661,0.8484,0.9117,0.9575
2662,0.8783,0.9312,0.9706
2663,0.6853,0.8017,0.8553
2664,0.4911,0.6449,0.73
2665,0.7238,0.8274,0.8875
2666,0.7881,0.8695,0.9262
2667,0.4318,0.6023,0.6159
2668,0.741,0.839,0.9025
2669,0.8956,0.9416,0.9719
2670,0.5734,0.6961,0.7965
2671,0.7943,0.8733,0.9305
2672,0.5941,0.7288,0.8239
2673,0.8244,0.8981,0.959
2674,0.5786,0.7125,0.7908
2675,0.782,0.8655,0.9333
2676,0.7891,0.8754,0.9393
2677,0.7393,0.8274,0.9048
2678,0.7709,0.8605,0.9051
2679,0.6055,0.7395,0.8012
2680,0.6358,0.7676,0.8165
2681,0.8446,0.9105,0.9616
2682,0.8081,0.8864,0.9295
2683,0.8306,0.8983,0.9509
2684,0.8448,0.9102,0.9464
2685,0.5997,0.7254,0.8153
2686,0.8472,0.9134,0.9731
2687,0.8169,0.8924,0.9317
2688,0.7474,0.8484,0.8915
2689,0.584,0.7266,0.8016
2690,0.752,0.842,0.9276
2691,0.8238,0.8935,0.9449
2692,0.901,0.9448,0.9758
2693,0.827,0.8969,0.9501
2694,0.6334,0.7563,0.8893
2695,0.7562,0.844,0.9143
2696,0.6988,0.8058,0.8578
2697,0.8941,0.9415,0.9796
2698,0.8475,0.9109,0.9533
2699,0.7058,0.8075,0.8903
2700,0.6825,0.7942,0.8516
2701,0.7646,0.8538,0.9191
2702,0.7704,0.8606,0.9045
2703,0.7253,0.8216,0.9103
2704,0.6858,0.7933,0.8845
2705,0.6893,0.7952,0.892
2706,0.7758,0.8618,0.9177
2707,0.791,0.8737,0.9479
2708,0.8775,0.9312,0.9581
2709,0.6338,0.7582,0.8231
2710,0.7617,0.855,0.8978
2711,0.8276,0.8989,0.947
2712,0.7683,0.8608,0.8979
2713,0.8062,0.8856,0.9279
2714,0.8856,0.9355,0.97
2715,0.5243,0.6389,0.9426
2716,0.769,0.8595,0.921
2717,0.8368,0.9021,0.9548
2718,0.8753,0.9293,0.9605
2719,0.8561,0.9176,0.9485
2720,0.8215,0.8936,0.9359
2721,0.5903,0.7362,0.7752
2722,0.8249,0.8959,0.9446
2723,0.8425,0.9091,0.954
2724,0.3758,0.5299,0.6175
2725,0.4855,0.6393,0.7244
2726,0.8004,0.8807,0.9421
2727,0.7444,0.8397,0.9237
2728,0.7734,0.8613,0.9099
2729,0.5361,0.6761,0.7624
2730,0.7276,0.8219,0.9216
2731,0.5658,0.7042,0.7722
2732,0.6436,0.7592,0.9185
2733,0.7948,0.8767,0.9521
2734,0.6083,0.7417,0.7921
2735,0.8053,0.8846,0.959
2736,0.8729,0.9279,0.959
2737,0.8837,0.9348,0.9695
2738,0.8416,0.9087,0.9637
2739,0.885,0.9351,0.9675
2740,0.8487,0.9129,0.9705
2741,0.7954,0.8761,0.9503
2742,0.5394,0.679,0.8083
2743,0.8325,0.9013,0.9407
2744,0.6776,0.7965,0.8562
2745,0.7918,0.8734,0.9317
2746,0.6814,0.7972,0.8508
2747,0.8778,0.9312,0.9604
2748,0.8169,0.8914,0.9437
2749,0.8138,0.8883,0.9566
2750,0.8836,0.935,0.9634
2751,0.7481,0.8461,0.8864
2752,0.8133,0.89,0.9406
2753,0.5299,0.6744,0.788
2754,0.617,0.7425,0.8235
2755,0.8737,0.929,0.9603
2756,0.885,0.9364,0.9567
2757,0.8264,0.8993,0.9387
2758,0.835,0.9034,0.9689
2759,0.4979,0.6465,0.7219
2760,0.7938,0.8766,0.9257
2761,0.7015,0.8132,0.874
2762,0.8164,0.89,0.946
2763,0.7541,0.844,0.9125
2764,0.7049,0.8026,0.8819
2765,0.6796,0.7827,0.8677
2766,0.7645,0.8538,0.9193
2767,0.7662,0.8562,0.9016
2768,0.6596,0.7785,0.8364
2769,0.7456,0.842,0.8896
2770,0.7807,0.8677,0.9037
2771,0.7967,0.8787,0.9156
2772,0.8905,0.939,0.972
2773,0.7247,0.8329,0.9047
2774,0.7846,0.8706,0.9299
2775,0.8071,0.8841,0.9213
2776,0.649,0.767,0.9021
2777,0.7722,0.8607,0.9034
2778,0.7555,0.8461,0.9289
2779,0.6809,0.7919,0.872
2780,0.8131,0.89,0.9412
2781,0.7626,0.8503,0.9171
2782,0.8635,0.922,0.9731
2783,0.7123,0.806,0.8983
2784,0.7631,0.8477,0.9543
2785,0.6583,0.7744,0.8593
2786,0.7551,0.8477,0.9283
2787,0.7724,0.8601,0.9422
2788,0.6525,0.7607,0.8885
2789,0.7923,0.8706,0.9572
2790,0.5453,0.6947,0.7828
2791,0.842,0.9088,0.9594
2792,0.7755,0.8569,0.9655
2793,0.2458,0.283,0.7375
2794,0.6031,0.7233,0.8799
2795,0.7794,0.8649,0.9449
2796,0.6647,0.7901,0.8377
2797,0.7612,0.8512,0.943
2798,0.6685,0.7797,0.9778
2799,0.7412,0.8327,0.9022
2800,0.7582,0.8485,0.9525
2801,0.8267,0.8966,0.9431
2802,0.8377,0.9058,0.9598
2803,0.7352,0.829,0.9221
2804,0.7585,0.8541,0.9454
2805,0.818,0.8904,0.9659
2806,0.6527,0.7676,0.8566
2807,0.7744,0.8613,0.9703
2808,0.8255,0.8971,0.9375
2809,0.7729,0.86,0.9698
2810,0.5885,0.7286,0.815
2811,0.7216,0.8248,0.9585
2812,0.7588,0.8501,0.9455
2813,0.6386,0.7635,0.8229
2814,0.8428,0.9089,0.9511
2815,0.705,0.8111,0.8882
2816,0.8299,0.8984,0.9471
2817,0.7179,0.8226,0.8767
2818,0.6342,0.7507,0.8796
2819,0.8209,0.8952,0.9406
2820,0.7538,0.8436,0.9661
2821,0.5776,0.7141,0.799
2822,0.8271,0.8998,0.9289
2823,0.7254,0.8263,0.8781
2824,0.8398,0.9044,0.9596
2825,0.7693,0.8584,0.9213
2826,0.8297,0.8961,0.9602
2827,0.6988,0.8006,0.885
2828,0.6748,0.7952,0.8441
2829,0.4484,0.6082,0.6689
2830,0.454,0.62,0.6555
2831,0.6424,0.7739,0.8281
2832,0.5758,0.7097,0.7991
2833,0.7926,0.8749,0.9622
2834,0.8603,0.9185,0.9647
2835,0.7106,0.8098,0.975
2836,0.7894,0.8752,0.9645
2837,0.2954,0.3132,0.8863
2838,0.7983,0.8757,0.9489
2839,0.7596,0.8487,0.9349
2840,0.8025,0.8835,0.9144
2841,0.8572,0.917,0.9666
2842,0.8728,0.9282,0.9757
2843,0.8367,0.9059,0.9349
2844,0.7907,0.8684,0.9647
2845,0.8678,0.9241,0.9785
2846,0.7957,0.8774,0.9493
2847,0.6359,0.7685,0.824
2848,0.5735,0.7105,0.7956
2849,0.762,0.8558,0.8994
2850,0.7941,0.8757,0.9197
2851,0.8134,0.8917,0.92
2852,0.8456,0.9092,0.9605
2853,0.7967,0.8794,0.9214
2854,0.8303,0.9021,0.9647
2855,0.8194,0.8921,0.9411
2856,0.1977,0.2482,0.5932
2857,0.8192,0.8926,0.9391
2858,0.6761,0.7863,0.8911
2859,0.7274,0.826,0.963
2860,0.6514,0.7707,0.815
2861,0.7655,0.85,0.9268
2862,0.744,0.8461,0.8828
2863,0.8143,0.8866,0.9462
2864,0.5583,0.6995,0.7585
2865,0.7635,0.8554,0.9136
2866,0.7908,0.8744,0.9155
2867,0.803,0.8753,0.9489
2868,0.8127,0.8898,0.9454
2869,0.6325,0.755,0.8357
2870,0.6631,0.7688,0.9382
2871,0.6998,0.8031,0.8835
2872,0.673,0.7783,0.8789
2873,0.7061,0.8134,0.8799
2874,0.7852,0.8723,0.9499
2875,0.6488,0.7727,0.8697
2876,0.7099,0.8139,0.9147
2877,0.8519,0.9132,0.9583
2878,0.8502,0.9144,0.9824
2879,0.7159,0.8174,0.8861
2880,0.7054,0.8152,0.8661
2881,0.515,0.6518,0.825
2882,0.7073,0.8115,0.9382
2883,0.748,0.8315,0.9401
2884,0.7254,0.8162,0.9014
2885,0.7908,0.8743,0.9465
2886,0.7167,0.816,0.8859
2887,0.5993,0.7207,0.899
2888,0.4486,0.6051,0.6909
2889,0.7971,0.8739,0.9547
2890,0.808,0.8853,0.9417
2891,0.8003,0.8777,0.9594
2892,0.6244,0.7444,0.8387
2893,0.6251,0.7669,0.795
2894,0.7303,0.8141,0.9274
2895,0.7711,0.863,0.9171
2896,0.8833,0.9339,0.9745
2897,0.8282,0.898,0.956
2898,0.739,0.8354,0.9189
2899,0.6966,0.7984,0.8854
2900,0.6982,0.8084,0.8752
2901,0.8091,0.8831,0.9403
2902,0.8538,0.9147,0.9608
2903,0.7704,0.8605,0.9017
2904,0.7779,0.8663,0.9026
2905,0.6485,0.7708,0.9128
2906,0.8771,0.9301,0.9755
2907,0.8197,0.8906,0.9506
2908,0.8541,0.9159,0.9567
2909,0.8472,0.9109,0.9499
2910,0.6059,0.7379,0.8076
2911,0.8659,0.9211,0.9725
2912,0.5339,0.6702,0.7853
2913,0.8153,0.89,0.933
2914,0.844,0.9109,0.9362
2915,0.6617,0.7868,0.885
2916,0.7029,0.8047,0.8858
2917,0.785,0.8663,0.9454
2918,0.7211,0.812,0.9159
2919,0.7656,0.8567,0.8956
2920,0.8579,0.9179,0.9761
2921,0.8087,0.8869,0.9214
2922,0.7762,0.8558,0.9259
2923,0.7281,0.8294,0.9116
2924,0.8597,0.9199,0.9547
2925,0.7994,0.8819,0.9141
2926,0.8281,0.8974,0.9481
2927,0.8319,0.9001,0.9494
2928,0.7497,0.8445,0.8907
2929,0.8413,0.9053,0.9609
2930,0.713,0.8172,0.8745
2931,0.8454,0.9078,0.9601
2932,0.7147,0.8251,0.8596
2933,0.716,0.8186,0.8958
2934,0.7218,0.8222,0.8913
2935,0.7939,0.8766,0.968
2936,0.888,0.9381,0.9899
2937,0.7051,0.8103,0.8719
2938,0.6825,0.7897,0.8906
2939,0.806,0.8849,0.9197
2940,0.819,0.8911,0.9456
2941,0.7634,0.8581,0.8896
2942,0.8718,0.9275,0.974
2943,0.8345,0.9026,0.9596
2944,0.7661,0.8597,0.9335
2945,0.8857,0.9346,0.9745
2946,0.8647,0.9238,0.9728
2947,0.7426,0.8449,0.8949
2948,0.7869,0.8707,0.9736
2949,0.7267,0.8287,0.9591
2950,0.3991,0.5355,0.6542
2951,0.834,0.9014,0.9673
2952,0.8433,0.9074,0.969
2953,0.7702,0.8585,0.9062
2954,0.821,0.8935,0.9557
2955,0.8697,0.9263,0.9547
2956,0.8504,0.9137,0.9491
2957,0.8529,0.9169,0.9566
2958,0.8425,0.9078,0.9518
2959,0.6263,0.7439,0.8551
2960,0.8693,0.9258,0.9646
2961,0.7672,0.8549,0.9352
2962,0.6742,0.7837,0.9476
2963,0.7534,0.8389,0.9191
2964,0.7261,0.826,0.9108
2965,0.8318,0.899,0.954
2966,0.8337,0.9022,0.9427
2967,0.8792,0.9323,0.9717
2968,0.7666,0.8586,0.8915
2969,0.7817,0.8676,0.9153
2970,0.7406,0.8392,0.9019
2971,0.7889,0.871,0.9734
2972,0.7728,0.8586,0.9308
2973,0.843,0.9081,0.9554
2974,0.8192,0.8953,0.9193
2975,0.8397,0.9076,0.9492
2976,0.8785,0.9305,0.9683
2977,0.8448,0.9089,0.9533
2978,0.8026,0.8817,0.9339
2979,0.651,0.7746,0.8495
2980,0.8175,0.8905,0.9419
2981,0.8241,0.8969,0.9484
2982,0.7876,0.8675,0.9315
2983,0.8372,0.9064,0.9517
2984,0.8549,0.9164,0.965
2985,0.7286,0.8211,0.9112
2986,0.6347,0.7694,0.813
2987,0.6966,0.8038,0.8795
2988,0.4772,0.6409,0.6807
2989,0.6075,0.7483,0.7863
2990,0.512,0.6346,0.8693
2991,0.8878,0.9379,0.9728
2992,0.488,0.6227,0.6735
2993,0.8495,0.913,0.9632
2994,0.866,0.9241,0.9587
2995,0.8392,0.9061,0.9612
2996,0.86,0.9203,0.9805
2997,0.7856,0.8708,0.9252
2998,0.7196,0.8161,0.9204
2999,0.8298,0.9011,0.973
3000,0.8299,0.9013,0.9731
3001,0.6324,0.7572,0.8558
3002,0.8295,0.9001,0.9471
3003,0.7463,0.8434,0.8819
3004,0.7834,0.8752,0.8937
3005,0.6971,0.8086,0.8837
3006,0.8195,0.8936,0.9471
3007,0.7544,0.8438,0.9185
3008,0.7694,0.8616,0.8867
3009,0.8484,0.912,0.9481
3010,0.8796,0.9322,0.9698
3011,0.8427,0.9084,0.9523
3012,0.8945,0.9409,0.9782
3013,0.7622,0.8556,0.9169
3014,0.7494,0.8434,0.8947
3015,0.7474,0.8438,0.8848
3016,0.7112,0.8228,0.8624
3017,0.6811,0.7986,0.8481
3018,0.7922,0.8762,0.9094
3019,0.7982,0.8801,0.9503
3020,0.7926,0.8766,0.9126
3021,0.7755,0.8603,0.9247
3022,0.8987,0.9444,0.9747
3023,0.816,0.892,0.9567
3024,0.8215,0.8947,0.9334
3025,0.7708,0.8626,0.9301
3026,0.7273,0.8286,0.9136
3027,0.8475,0.9103,0.9625
3028,0.8408,0.9062,0.9647
3029,0.8629,0.9214,0.9673
3030,0.802,0.882,0.9435
3031,0.8485,0.9114,0.9619
3032,0.8249,0.8984,0.9738
3033,0.7767,0.8625,0.9259
3034,0.8733,0.9285,0.9715
3035,0.8449,0.9106,0.9543
3036,0.8588,0.9203,0.9656
3037,0.7628,0.8587,0.9116
3038,0.7657,0.8506,0.945
3039,0.8047,0.8837,0.9514
3040,0.8174,0.8929,0.9436
3041,0.8812,0.9331,0.9716
3042,0.7687,0.8537,0.9227
3043,0.8269,0.9001,0.9254
3044,0.6948,0.8095,0.8674
3045,0.8184,0.8904,0.9387
3046,0.707,0.8173,0.8541
3047,0.735,0.8368,0.8742
3048,0.7506,0.8406,0.9185
3049,0.823,0.8986,0.9301
3050,0.7499,0.8419,0.9024
3051,0.8538,0.9161,0.9519
3052,0.8159,0.8905,0.9312
3053,0.7386,0.8359,0.935
3054,0.8111,0.8887,0.9382
3055,0.7833,0.8681,0.9446
3056,0.6643,0.783,0.8652
3057,0.7787,0.8615,0.9233
3058,0.7706,0.8586,0.909
3059,0.65,0.7768,0.8566
3060,0.7845,0.8705,0.953
3061,0.6079,0.7456,0.784
3062,0.7611,0.8505,0.9113
3063,0.8642,0.9236,0.9554
3064,0.6557,0.7788,0.827
3065,0.8481,0.9117,0.9577
3066,0.8061,0.8839,0.9529
3067,0.8157,0.8925,0.9255
3068,0.791,0.8726,0.9318
3069,0.8505,0.9144,0.9519
3070,0.7213,0.8268,0.8906
3071,0.5844,0.6966,0.9838
3072,0.6878,0.8009,0.8652
3073,0.8089,0.8856,0.9563
3074,0.7639,0.856,0.9283
3075,0.8149,0.8884,0.9488
3076,0.838,0.9064,0.9377
3077,0.7832,0.8673,0.9699
3078,0.7271,0.8245,0.9539
3079,0.6081,0.7511,0.7823
3080,0.713,0.8164,0.9485
3081,0.8034,0.8845,0.9318
3082,0.7315,0.8293,0.942
3083,0.7278,0.8289,0.9373
3084,0.78,0.8647,0.9108
3085,0.6765,0.788,0.9279
3086,0.7253,0.8218,0.9489
3087,0.7605,0.8465,0.9509
3088,0.7679,0.8575,0.9413
3089,0.8512,0.9143,0.9599
3090,0.6554,0.7743,0.8506
3091,0.7029,0.8073,0.8948
3092,0.8232,0.8933,0.9576
3093,0.7877,0.8674,0.9438
3094,0.6631,0.7828,0.8777
3095,0.8393,0.908,0.9521
3096,0.7861,0.8724,0.9269
3097,0.8408,0.9091,0.9444
3098,0.8307,0.9015,0.9633
3099,0.6319,0.7589,0.8084
3100,0.8694,0.9267,0.9856
3101,0.7124,0.8161,0.9268
3102,0.7777,0.8623,0.9224
3103,0.7315,0.8386,0.918
3104,0.8789,0.9306,0.9697
3105,0.7858,0.8694,0.9223
3106,0.7988,0.8782,0.9688
3107,0.8461,0.9101,0.9568
3108,0.6712,0.786,0.9465
3109,0.8915,0.9392,0.9688
3110,0.8266,0.8987,0.9393
3111,0.8616,0.921,0.9548
3112,0.8982,0.9439,0.9694
3113,0.826,0.8995,0.9275
3114,0.6887,0.7916,0.9255
3115,0.7124,0.821,0.8765
3116,0.7957,0.8774,0.9191
3117,0.747,0.8453,0.8918
3118,0.701,0.8064,0.9243
3119,0.7465,0.8421,0.9687
3120,0.6956,0.8124,0.8596
3121,0.8581,0.9193,0.9634
3122,0.852,0.9159,0.9632
3123,0.7601,0.8503,0.9205
3124,0.8565,0.9185,0.9681
3125,0.7766,0.8676,0.9026
3126,0.7597,0.8531,0.9736
3127,0.8242,0.8983,0.9474
3128,0.7183,0.8129,0.9059
3129,0.5404,0.6814,0.782
3130,0.7952,0.8755,0.9249
3131,0.7794,0.8665,0.9203
3132,0.8473,0.9108,0.9628
3133,0.8485,0.9146,0.9681
3134,0.8075,0.8856,0.9363
3135,0.7603,0.8533,0.9048
3136,0.8251,0.8974,0.9543
3137,0.5932,0.7094,0.967
3138,0.7494,0.844,0.9793
3139,0.6714,0.7829,0.8636
3140,0.647,0.7713,0.8374
3141,0.7103,0.8147,0.9802
3142,0.7764,0.8645,0.9105
3143,0.7755,0.8644,0.9329
3144,0.7496,0.8398,0.9171
3145,0.8004,0.8772,0.9451
3146,0.7949,0.8767,0.9409
3147,0.8084,0.8871,0.9469
3148,0.775,0.8619,0.9211
3149,0.8481,0.9104,0.9565
3150,0.6798,0.7892,0.9119
3151,0.7305,0.8316,0.8904
3152,0.8028,0.8845,0.9725
3153,0.8862,0.936,0.976
3154,0.5952,0.7228,0.8701
3155,0.7036,0.8221,0.8539
3156,0.9098,0.9505,0.977
3157,0.7872,0.8737,0.9332
3158,0.7558,0.8479,0.918
3159,0.8393,0.9074,0.9545
3160,0.7858,0.8729,0.9227
3161,0.8626,0.9212,0.9611
3162,0.7672,0.8582,0.973
3163,0.8195,0.8949,0.9522
3164,0.8255,0.8992,0.9302
3165,0.8325,0.9032,0.9481
3166,0.7065,0.8171,0.9088
3167,0.7843,0.8708,0.9288
3168,0.7345,0.8311,0.9142
3169,0.8367,0.9051,0.9445
3170,0.7956,0.8773,0.9564
3171,0.5297,0.6686,0.8203
3172,0.7322,0.8336,0.972
3173,0.8182,0.8926,0.973
3174,0.6815,0.8033,0.8615
3175,0.8524,0.9143,0.9572
3176,0.8053,0.8839,0.9623
3177,0.7129,0.8155,0.9236
3178,0.8101,0.8861,0.9514
3179,0.8408,0.9075,0.9724
3180,0.4283,0.5922,0.6395
3181,0.7242,0.8305,0.8774
3182,0.7512,0.8463,0.8962
3183,0.8177,0.8897,0.9417
3184,0.66,0.7785,0.8843
3185,0.8407,0.9081,0.9457
3186,0.7718,0.8591,0.9335
3187,0.8667,0.9234,0.9774
3188,0.8212,0.8948,0.9349
3189,0.7895,0.8734,0.9217
3190,0.6701,0.7914,0.8478
3191,0.2696,0.4005,0.5206
3192,0.7097,0.8085,0.8763
3193,0.5418,0.6823,0.7823
3194,0.6142,0.7476,0.8034
3195,0.6983,0.8165,0.864
3196,0.7318,0.8351,0.902
3197,0.6814,0.7973,0.8489
3198,0.8688,0.9246,0.9636
3199,0.8555,0.9163,0.9563
3200,0.7783,0.8642,0.9132
3201,0.8108,0.8863,0.9329
3202,0.7908,0.8731,0.9211
3203,0.764,0.8558,0.9482
3204,0.6602,0.7698,0.9531
3205,0.7351,0.8392,0.8947
3206,0.8419,0.9086,0.9399
3207,0.8267,0.8962,0.9581
3208,0.824,0.8976,0.9306
3209,0.7201,0.8235,0.8885
3210,0.6284,0.7558,0.8428
3211,0.8231,0.8945,0.9381
3212,0.7498,0.8433,0.9012
3213,0.7263,0.8217,0.8914
3214,0.6461,0.775,0.8174
3215,0.8234,0.8965,0.9299
3216,0.7596,0.8548,0.8955
3217,0.7931,0.87,0.9373
3218,0.7956,0.8725,0.9385
3219,0.7599,0.8521,0.9083
3220,0.4848,0.6369,0.7249
3221,0.5233,0.6745,0.7437
3222,0.8704,0.9248,0.9687
3223,0.8043,0.8807,0.9388
3224,0.6415,0.762,0.8591
3225,0.8093,0.8872,0.9224
3226,0.7878,0.873,0.9217
3227,0.5949,0.7255,0.8072
3228,0.7837,0.8652,0.9337
3229,0.7376,0.8353,0.8817
3230,0.798,0.8777,0.932
3231,0.774,0.8569,0.918
3232,0.5326,0.6793,0.7772
3233,0.8796,0.9318,0.9644
3234,0.6968,0.8064,0.9017
3235,0.8098,0.8901,0.9116
3236,0.671,0.7853,0.9169
3237,0.832,0.9013,0.9438
3238,0.7647,0.8531,0.9158
3239,0.827,0.9003,0.9423
3240,0.6819,0.794,0.8618
3241,0.6076,0.7399,0.8457
3242,0.7913,0.8739,0.9257
3243,0.6937,0.8047,0.8729
3244,0.5732,0.7158,0.7696
3245,0.6547,0.7784,0.856
3246,0.6751,0.7921,0.8287
3247,0.7735,0.8631,0.9338
3248,0.5285,0.6798,0.7396
3249,0.6925,0.8005,0.8856
3250,0.7468,0.8425,0.8967
3251,0.2385,0.3781,0.4227
3252,0.7786,0.865,0.9188
3253,0.7614,0.8529,0.9464
3254,0.8241,0.8965,0.9407
3255,0.7228,0.8261,0.8681
3256,0.6585,0.7693,0.844
3257,0.6098,0.7485,0.7941
3258,0.7568,0.8535,0.889
3259,0.8126,0.8883,0.937
3260,0.8366,0.9048,0.9441
3261,0.8144,0.889,0.9338
3262,0.8597,0.919,0.9607
3263,0.8526,0.9146,0.9538
3264,0.8055,0.8836,0.9364
3265,0.7274,0.8307,0.8963
3266,0.8024,0.8806,0.931
3267,0.7719,0.8569,0.9223
3268,0.724,0.8327,0.8825
3269,0.8751,0.9289,0.9688
3270,0.771,0.8627,0.8994
3271,0.7063,0.8134,0.883
3272,0.6611,0.777,0.9174
3273,0.7876,0.8682,0.9317
3274,0.7522,0.8477,0.9543
3275,0.8483,0.9115,0.9556
3276,0.7771,0.86,0.9338
3277,0.4864,0.624,0.7548
3278,0.8262,0.8966,0.9393
3279,0.7607,0.8492,0.9086
3280,0.7632,0.8517,0.9209
3281,0.5359,0.673,0.8441
3282,0.8273,0.8985,0.945
3283,0.7281,0.8291,0.9493
3284,0.556,0.7045,0.7811
3285,0.6743,0.7985,0.8407
3286,0.6829,0.7942,0.9029
3287,0.7342,0.8357,0.894
3288,0.6733,0.7793,0.8922
3289,0.8612,0.9216,0.9617
3290,0.8098,0.8844,0.9352
3291,0.6156,0.7544,0.802
3292,0.8176,0.8927,0.9396
3293,0.8131,0.8887,0.9496
3294,0.7227,0.8266,0.8959
3295,0.6641,0.7867,0.8544
3296,0.8056,0.8865,0.9274
3297,0.7769,0.8629,0.9152
3298,0.8296,0.8996,0.9446
3299,0.7966,0.8701,0.9514
3300,0.8379,0.9061,0.9589
3301,0.8308,0.9016,0.9358
3302,0.6835,0.8012,0.8364
3303,0.7793,0.8693,0.8983
3304,0.8719,0.927,0.96
3305,0.7137,0.8111,0.9032
3306,0.7831,0.8683,0.9473
3307,0.8683,0.9242,0.961
3308,0.7323,0.8275,0.9039
3309,0.5275,0.6484,0.8823
3310,0.8086,0.888,0.9314
3311,0.805,0.8837,0.9184
3312,0.6203,0.7425,0.8222
3313,0.6665,0.7941,0.8506
3314,0.8424,0.9081,0.9471
3315,0.4265,0.5748,0.6718
3316,0.5475,0.6882,0.8007
3317,0.7476,0.8446,0.8995
3318,0.8277,0.8998,0.9492
3319,0.4323,0.5792,0.7167
3320,0.6166,0.7361,0.8309
3321,0.7181,0.8205,0.9037
3322,0.57,0.7138,0.785
3323,0.7786,0.867,0.9253
3324,0.6901,0.804,0.8673
3325,0.5938,0.7341,0.814
3326,0.8053,0.8825,0.9281
3327,0.8396,0.9088,0.9592
3328,0.7734,0.8652,0.9008
3329,0.8005,0.8775,0.9404
3330,0.8354,0.9042,0.9675
3331,0.7754,0.865,0.9069
3332,0.5911,0.7206,0.8375
3333,0.6356,0.757,0.907
3334,0.7831,0.8699,0.9219
3335,0.4371,0.5863,0.6948
3336,0.5747,0.7024,0.8424
3337,0.5589,0.6995,0.7753
3338,0.839,0.9069,0.9572
3339,0.8737,0.9288,0.9695
3340,0.6338,0.7635,0.8464
3341,0.5522,0.7019,0.777
3342,0.8212,0.8959,0.9317
3343,0.6758,0.7952,0.8531
3344,0.6474,0.7578,0.9587
3345,0.7429,0.8376,0.9175
3346,0.7235,0.8211,0.9097
3347,0.8124,0.8867,0.9508
3348,0.5263,0.6463,0.8356
3349,0.8499,0.9145,0.9554
3350,0.8095,0.8852,0.9379
3351,0.5784,0.7275,0.7728
3352,0.8432,0.9089,0.9683
3353,0.7929,0.8771,0.9084
3354,0.7944,0.877,0.929
3355,0.768,0.8528,0.9662
3356,0.6584,0.7891,0.8288
3357,0.7201,0.8219,0.8912
3358,0.7632,0.856,0.9089
3359,0.7639,0.8571,0.9048
3360,0.7874,0.8747,0.9415
3361,0.5303,0.6862,0.7352
3362,0.5682,0.7206,0.7515
3363,0.8449,0.9105,0.9673
3364,0.6469,0.7701,0.8458
3365,0.5939,0.7247,0.8825
3366,0.8097,0.885,0.9435
3367,0.7993,0.8798,0.9557
3368,0.591,0.7332,0.7869
3369,0.7322,0.834,0.8876
3370,0.5474,0.6832,0.7998
3371,0.8849,0.9345,0.9733
3372,0.7676,0.86,0.9092
3373,0.8456,0.9114,0.9574
3374,0.455,0.5794,0.7901
3375,0.7743,0.8611,0.9249
3376,0.8198,0.8942,0.94
3377,0.5872,0.7281,0.7993
3378,0.4413,0.5795,0.7789
3379,0.6467,0.7663,0.8746
3380,0.7898,0.8737,0.9521
3381,0.7812,0.8664,0.9208
3382,0.8103,0.886,0.9415
3383,0.8498,0.9138,0.9575
3384,0.6577,0.7676,0.9554
3385,0.7213,0.8277,0.8935
3386,0.6748,0.7934,0.84
3387,0.7319,0.8324,0.9444
3388,0.6954,0.8051,0.9219
3389,0.7159,0.8236,0.8546
3390,0.8521,0.9155,0.9646
3391,0.8412,0.9071,0.9855
3392,0.8066,0.8833,0.9689
3393,0.6934,0.8045,0.8619
3394,0.5911,0.7149,0.8155
3395,0.5736,0.7139,0.8242
3396,0.7583,0.8506,0.9589
3397,0.8028,0.8842,0.9545
3398,0.8105,0.8903,0.9307
3399,0.8237,0.8957,0.9319
3400,0.8106,0.8842,0.9421
3401,0.815,0.8917,0.9323
3402,0.5912,0.7213,0.8511
3403,0.7897,0.8749,0.912
3404,0.8392,0.9066,0.9411
3405,0.7614,0.8535,0.9213
3406,0.7794,0.8672,0.9208
3407,0.7596,0.8453,0.9373
3408,0.7711,0.863,0.9448
3409,0.8146,0.8852,0.9465
3410,0.7596,0.8568,0.8898
3411,0.7974,0.8774,0.9631
3412,0.8595,0.9202,0.9589
3413,0.7304,0.8423,0.8612
3414,0.8228,0.8967,0.947
3415,0.7123,0.8167,0.9669
3416,0.7248,0.8251,0.9156
3417,0.7808,0.868,0.9333
3418,0.4561,0.5992,0.6995
3419,0.6897,0.7936,0.9327
3420,0.7531,0.8488,0.9138
3421,0.8119,0.8849,0.9485
3422,0.6935,0.8131,0.8345
3423,0.6235,0.7446,0.9099
3424,0.7859,0.8713,0.9067
3425,0.4481,0.6073,0.668
3426,0.6959,0.8014,0.9437
3427,0.7482,0.8477,0.9317
3428,0.8074,0.8869,0.9266
3429,0.5507,0.697,0.7725
3430,0.853,0.9149,0.9627
3431,0.8736,0.9273,0.9681
3432,0.905,0.9472,0.9783
3433,0.7735,0.8601,0.9203
3434,0.7136,0.8213,0.8866
3435,0.8054,0.8837,0.947
3436,0.8237,0.8962,0.9396
3437,0.6232,0.7525,0.8077
3438,0.5082,0.6482,0.7803
3439,0.7533,0.8454,0.9071
3440,0.712,0.8176,0.9136
3441,0.5968,0.7262,0.8854
3442,0.6279,0.7396,0.9477
3443,0.8075,0.8865,0.9619
3444,0.8135,0.891,0.9682
3445,0.789,0.8751,0.9567
3446,0.6994,0.8064,0.9125
3447,0.8333,0.9023,0.9617
3448,0.6073,0.734,0.8389
3449,0.6497,0.7699,0.8481
3450,0.8131,0.8905,0.9719
3451,0.8253,0.9002,0.9428
3452,0.6886,0.8029,0.8684
3453,0.8643,0.9237,0.9589
3454,0.7679,0.8569,0.9144
3455,0.8565,0.9158,0.9691
3456,0.8439,0.9088,0.9584
3457,0.8169,0.8916,0.9319
3458,0.8096,0.8864,0.9329
3459,0.7878,0.873,0.9619
3460,0.8755,0.9308,0.9579
3461,0.7845,0.8702,0.9432
3462,0.8021,0.8803,0.9492
3463,0.8018,0.8839,0.9322
3464,0.777,0.8676,0.9071
3465,0.8317,0.9046,0.9426
3466,0.7301,0.8409,0.8646
3467,0.4299,0.5626,0.7748
3468,0.7699,0.8567,0.9276
3469,0.8294,0.8998,0.9414
3470,0.7437,0.8362,0.9407
3471,0.6844,0.7967,0.8711
3472,0.7993,0.8738,0.9437
3473,0.2529,0.2876,0.7586
3474,0.8189,0.8934,0.9557
3475,0.5979,0.7246,0.8762
3476,0.8721,0.9272,0.9667
3477,0.876,0.931,0.9772
3478,0.7618,0.8542,0.924
3479,0.8871,0.9361,0.9708
3480,0.722,0.8246,0.937
3481,0.8323,0.9018,0.9622
3482,0.8209,0.8949,0.937
3483,0.8547,0.9166,0.9731
3484,0.6504,0.7747,0.8755
3485,0.8198,0.8919,0.9378
3486,0.8387,0.9064,0.9424
3487,0.6607,0.7826,0.8632
3488,0.7125,0.8206,0.8701
3489,0.7749,0.8576,0.9189
3490,0.8073,0.8855,0.9697
3491,0.7598,0.8427,0.936
3492,0.7613,0.8529,0.9427
3493,0.4521,0.5766,0.8453
3494,0.6601,0.7769,0.943
3495,0.7242,0.8301,0.881
3496,0.7585,0.8541,0.941
3497,0.7018,0.8073,0.9576
3498,0.7969,0.8796,0.938
3499,0.4909,0.6096,0.8593
3500,0.4352,0.5518,0.8372
3501,0.4482,0.5658,0.8585
3502,0.4468,0.6086,0.668
3503,0.7126,0.8225,0.8738
3504,0.7959,0.8766,0.9691
3505,0.806,0.885,0.9539
3506,0.766,0.8569,0.9446
3507,0.8468,0.9119,0.9669
3508,0.805,0.8833,0.9452
3509,0.7747,0.8596,0.9676
3510,0.8985,0.9437,0.9742
3511,0.5832,0.7033,0.9462
3512,0.8271,0.8956,0.9502
3513,0.7766,0.8707,0.8931
3514,0.8259,0.8973,0.9603
3515,0.7621,0.8514,0.965
3516,0.5542,0.6904,0.8481
3517,0.7933,0.8713,0.9378
3518,0.8511,0.913,0.9622
3519,0.8146,0.8897,0.9836
3520,0.6717,0.7798,0.9421
3521,0.8437,0.9083,0.9504
3522,0.885,0.9361,0.9659
3523,0.8716,0.9271,0.9709
3524,0.8568,0.9169,0.9595
3525,0.7211,0.814,0.9078
3526,0.8215,0.8961,0.9542
3527,0.7916,0.8765,0.9409
3528,0.7275,0.8263,0.8987
3529,0.5705,0.7004,0.8977
3530,0.7254,0.8259,0.9525
3531,0.8498,0.9139,0.951
3532,0.4375,0.5911,0.6854
3533,0.8128,0.8885,0.9429
3534,0.6076,0.7215,0.9489
3535,0.731,0.827,0.937
3536,0.8289,0.9002,0.9662
3537,0.5356,0.6908,0.7404
3538,0.6685,0.7696,0.9523
3539,0.7107,0.8162,0.893
3540,0.7913,0.8742,0.9327
3541,0.8027,0.8806,0.9493
3542,0.718,0.8196,0.8845
3543,0.7605,0.8501,0.9333
3544,0.6844,0.7944,0.8571
3545,0.8057,0.8826,0.9341
3546,0.7233,0.8281,0.8934
3547,0.636,0.7629,0.8123
3548,0.8186,0.8927,0.9427
3549,0.8463,0.9102,0.9577
3550,0.851,0.9136,0.9766
3551,0.7407,0.8314,0.8974
3552,0.749,0.8444,0.9142
3553,0.826,0.8966,0.9626
3554,0.6513,0.7532,0.9637
3555,0.5131,0.6295,0.9337
3556,0.6771,0.7979,0.8347
3557,0.6751,0.7878,0.8666
3558,0.7668,0.8544,0.9457
3559,0.8259,0.8974,0.9383
3560,0.8449,0.911,0.9845
3561,0.6765,0.7867,0.875
3562,0.7016,0.8129,0.8862
3563,0.873,0.9264,0.9767
3564,0.7721,0.8607,0.9384
3565,0.81,0.8846,0.939
3566,0.7809,0.8664,0.9243
3567,0.7296,0.8303,0.9045
3568,0.811,0.8849,0.9418
3569,0.8219,0.894,0.9507
3570,0.8238,0.8935,0.9755
3571,0.7963,0.8777,0.9229
3572,0.7431,0.8332,0.9318
3573,0.6107,0.7418,0.8348
3574,0.6909,0.795,0.9193
3575,0.8054,0.8798,0.9404
3576,0.778,0.8649,0.9227
3577,0.7972,0.8768,0.935
3578,0.7343,0.8367,0.8972
3579,0.676,0.7725,0.8852
3580,0.8058,0.8841,0.9591
3581,0.4942,0.6301,0.751
3582,0.7797,0.8609,0.9308
3583,0.6636,0.7795,0.8484
3584,0.8027,0.8829,0.9355
3585,0.7223,0.8176,0.9431
3586,0.7884,0.8701,0.9554
3587,0.7551,0.8485,0.9034
3588,0.7132,0.8177,0.8651
3589,0.6133,0.7468,0.8099
3590,0.5801,0.7088,0.7751
3591,0.7426,0.8387,0.9417
3592,0.7351,0.833,0.9347
3593,0.7535,0.846,0.922
3594,0.7977,0.8798,0.9456
3595,0.807,0.883,0.9515
3596,0.4057,0.5655,0.633
3597,0.5006,0.6451,0.7466
3598,0.5101,0.6387,0.7345
3599,0.6909,0.7989,0.8643
3600,0.5981,0.7295,0.8356
3601,0.574,0.7126,0.7717
3602,0.7901,0.8723,0.9326
3603,0.8067,0.8846,0.9412
3604,0.6174,0.7428,0.8398
3605,0.7858,0.864,0.9338
3606,0.701,0.7985,0.938
3607,0.801,0.8794,0.9506
3608,0.7971,0.8816,0.9199
3609,0.5602,0.7059,0.7524
3610,0.8064,0.8853,0.9233
3611,0.7216,0.819,0.9045
3612,0.8023,0.8833,0.9313
3613,0.7423,0.841,0.9157
3614,0.7095,0.8166,0.9164
3615,0.7446,0.8398,0.8947
3616,0.6924,0.7973,0.8807
3617,0.5401,0.6806,0.7623
3618,0.8011,0.8824,0.913
3619,0.7231,0.8168,0.8983
3620,0.6051,0.7319,0.7964
3621,0.6387,0.7656,0.8339
3622,0.6105,0.7332,0.8079
3623,0.4182,0.5556,0.7081
3624,0.7626,0.8558,0.9409
3625,0.4626,0.6164,0.6944
3626,0.609,0.7309,0.8188
3627,0.7936,0.8782,0.9211
3628,0.6964,0.8126,0.853
3629,0.7887,0.8719,0.9356
3630,0.7292,0.8306,0.9234
3631,0.6144,0.7431,0.8121
3632,0.7701,0.8548,0.9198
3633,0.6196,0.7404,0.816
3634,0.7701,0.8603,0.8978
3635,0.7971,0.879,0.9642
3636,0.7494,0.8479,0.9059
3637,0.6242,0.74,0.9409
3638,0.7874,0.8731,0.9058
3639,0.7633,0.8572,0.8867
3640,0.8358,0.9054,0.9474
3641,0.8014,0.8759,0.9396
3642,0.723,0.8231,0.9027
3643,0.7445,0.838,0.9556
3644,0.7355,0.8317,0.8862
3645,0.4221,0.5894,0.6191
3646,0.8488,0.9131,0.9766
3647,0.6808,0.7862,0.8999
3648,0.749,0.8456,0.9182
3649,0.6958,0.8056,0.8686
3650,0.6572,0.7773,0.8243
3651,0.771,0.8608,0.9415
3652,0.7922,0.8735,0.9221
3653,0.8488,0.9136,0.9693
3654,0.5607,0.699,0.7753
3655,0.7928,0.8731,0.9391
3656,0.7317,0.8328,0.8918
3657,0.8352,0.9028,0.9631
3658,0.7726,0.8629,0.9094
3659,0.7582,0.8503,0.9022
3660,0.4438,0.6051,0.6616
3661,0.7822,0.8681,0.9149
3662,0.811,0.8877,0.9384
3663,0.7494,0.8446,0.9369
3664,0.7565,0.8518,0.8855
3665,0.5815,0.7105,0.8259
3666,0.7625,0.8486,0.9521
3667,0.6864,0.787,0.9064
3668,0.752,0.8424,0.9096
